fixture_id,date,venue,home_team,away_team,home_score,away_score,league,season,round,home_winner,away_winner,match_result,home_win_pct,away_win_pct,home_goal_diff_avg,away_goal_diff_avg
1035037,2023-08-11 19:00:00+00:00,Turf Moor,Burnley,Manchester City,0,3,Premier League,2023,Regular Season - 1,False,True,A,0.5,0.5,0.0,0.0
1035038,2023-08-12 11:30:00+00:00,Emirates Stadium,Arsenal,Nottingham Forest,2,1,Premier League,2023,Regular Season - 1,True,False,H,0.5,0.5,0.0,0.0
1035039,2023-08-12 14:00:00+00:00,Vitality Stadium,Bournemouth,West Ham,1,1,Premier League,2023,Regular Season - 1,,,D,0.5,0.5,0.0,0.0
1035041,2023-08-12 14:00:00+00:00,Goodison Park,Everton,Fulham,0,1,Premier League,2023,Regular Season - 1,False,True,A,0.5,0.5,0.0,0.0
1035040,2023-08-12 14:00:00+00:00,The American Express Community Stadium,Brighton,Luton,4,1,Premier League,2023,Regular Season - 1,True,False,H,0.5,0.5,0.0,0.0
1035042,2023-08-12 14:00:00+00:00,Bramall Lane,Sheffield Utd,Crystal Palace,0,1,Premier League,2023,Regular Season - 1,False,True,A,0.5,0.5,0.0,0.0
1035043,2023-08-12 16:30:00+00:00,St. James' Park,Newcastle,Aston Villa,5,1,Premier League,2023,Regular Season - 1,True,False,H,0.5,0.5,0.0,0.0
1035044,2023-08-13 13:00:00+00:00,Gtech Community Stadium,Brentford,Tottenham,2,2,Premier League,2023,Regular Season - 1,,,D,0.5,0.5,0.0,0.0
1035045,2023-08-13 15:30:00+00:00,Stamford Bridge,Chelsea,Liverpool,1,1,Premier League,2023,Regular Season - 1,,,D,0.5,0.5,0.0,0.0
1035046,2023-08-14 19:00:00+00:00,Old Trafford,Manchester United,Wolves,1,0,Premier League,2023,Regular Season - 1,True,False,H,0.5,0.5,0.0,0.0
1035053,2023-08-18 18:45:00+00:00,The City Ground,Nottingham Forest,Sheffield Utd,2,1,Premier League,2023,Regular Season - 2,True,False,H,0.0,0.0,-1.0,-1.0
1035049,2023-08-19 14:00:00+00:00,Craven Cottage,Fulham,Brentford,0,3,Premier League,2023,Regular Season - 2,False,True,A,1.0,0.0,1.0,0.0
1035056,2023-08-19 14:00:00+00:00,Molineux Stadium,Wolves,Brighton,1,4,Premier League,2023,Regular Season - 2,False,True,A,0.0,1.0,-1.0,3.0
1035050,2023-08-19 14:00:00+00:00,Anfield,Liverpool,Bournemouth,3,1,Premier League,2023,Regular Season - 2,True,False,H,0.0,0.0,0.0,0.0
1035054,2023-08-19 16:30:00+00:00,Tottenham Hotspur Stadium,Tottenham,Manchester United,2,0,Premier League,2023,Regular Season - 2,True,False,H,0.0,1.0,0.0,1.0
1035052,2023-08-19 19:00:00+00:00,Etihad Stadium,Manchester City,Newcastle,1,0,Premier League,2023,Regular Season - 2,True,False,H,1.0,1.0,3.0,4.0
1035047,2023-08-20 13:00:00+00:00,Villa Park,Aston Villa,Everton,4,0,Premier League,2023,Regular Season - 2,True,False,H,0.0,0.0,-4.0,-1.0
1035055,2023-08-20 15:30:00+00:00,London Stadium,West Ham,Chelsea,3,1,Premier League,2023,Regular Season - 2,True,False,H,0.0,0.0,0.0,0.0
1035048,2023-08-21 19:00:00+00:00,Selhurst Park,Crystal Palace,Arsenal,0,1,Premier League,2023,Regular Season - 2,False,True,A,1.0,1.0,1.0,1.0
1035062,2023-08-25 19:00:00+00:00,Stamford Bridge,Chelsea,Luton,3,0,Premier League,2023,Regular Season - 3,True,False,H,0.0,0.0,-1.0,-3.0
1035057,2023-08-26 11:30:00+00:00,Vitality Stadium,Bournemouth,Tottenham,0,2,Premier League,2023,Regular Season - 3,False,True,A,0.0,0.5,-1.0,1.0
1035059,2023-08-26 14:00:00+00:00,Gtech Community Stadium,Brentford,Crystal Palace,1,1,Premier League,2023,Regular Season - 3,,,D,0.5,0.5,1.5,0.0
1035063,2023-08-26 14:00:00+00:00,Goodison Park,Everton,Wolves,0,1,Premier League,2023,Regular Season - 3,False,True,A,0.0,0.0,-2.5,-2.0
1035064,2023-08-26 14:00:00+00:00,Old Trafford,Manchester United,Nottingham Forest,3,2,Premier League,2023,Regular Season - 3,True,False,H,0.5,0.5,-0.5,0.0
1035058,2023-08-26 14:00:00+00:00,Emirates Stadium,Arsenal,Fulham,2,2,Premier League,2023,Regular Season - 3,,,D,1.0,0.5,1.0,-1.0
1035060,2023-08-26 16:30:00+00:00,The American Express Community Stadium,Brighton,West Ham,1,3,Premier League,2023,Regular Season - 3,False,True,A,1.0,0.5,3.0,1.0
1035061,2023-08-27 13:00:00+00:00,Turf Moor,Burnley,Aston Villa,1,3,Premier League,2023,Regular Season - 3,False,True,A,0.0,0.5,-3.0,0.0
1035066,2023-08-27 13:00:00+00:00,Bramall Lane,Sheffield Utd,Manchester City,1,2,Premier League,2023,Regular Season - 3,False,True,A,0.0,1.0,-1.0,2.0
1035065,2023-08-27 15:30:00+00:00,St. James' Park,Newcastle,Liverpool,1,2,Premier League,2023,Regular Season - 3,False,True,A,0.5,0.5,1.5,1.0
1035074,2023-09-01 19:00:00+00:00,Kenilworth Road,Luton,West Ham,1,2,Premier League,2023,Regular Season - 4,False,True,A,0.0,0.67,-3.0,1.33
1035076,2023-09-02 11:30:00+00:00,Bramall Lane,Sheffield Utd,Everton,2,2,Premier League,2023,Regular Season - 4,,,D,0.0,0.0,-1.0,-2.0
1035068,2023-09-02 14:00:00+00:00,Gtech Community Stadium,Brentford,Bournemouth,2,2,Premier League,2023,Regular Season - 4,,,D,0.33,0.0,1.0,-1.33
1035075,2023-09-02 14:00:00+00:00,Etihad Stadium,Manchester City,Fulham,5,1,Premier League,2023,Regular Season - 4,True,False,H,1.0,0.33,1.67,-0.67
1035070,2023-09-02 14:00:00+00:00,Turf Moor,Burnley,Tottenham,2,5,Premier League,2023,Regular Season - 4,False,True,A,0.0,0.67,-2.5,1.33
1035071,2023-09-02 14:00:00+00:00,Stamford Bridge,Chelsea,Nottingham Forest,0,1,Premier League,2023,Regular Season - 4,False,True,A,0.33,0.33,0.33,-0.33
1035069,2023-09-02 16:30:00+00:00,The American Express Community Stadium,Brighton,Newcastle,3,1,Premier League,2023,Regular Season - 4,True,False,H,0.67,0.33,1.33,0.67
1035073,2023-09-03 13:00:00+00:00,Anfield,Liverpool,Aston Villa,3,0,Premier League,2023,Regular Season - 4,True,False,H,0.67,0.67,1.0,0.67
1035072,2023-09-03 13:00:00+00:00,Selhurst Park,Crystal Palace,Wolves,3,2,Premier League,2023,Regular Season - 4,True,False,H,0.33,0.33,0.0,-1.0
1035067,2023-09-03 15:30:00+00:00,Emirates Stadium,Arsenal,Manchester United,3,1,Premier League,2023,Regular Season - 4,True,False,H,0.67,0.67,0.67,0.0
1035086,2023-09-16 11:30:00+00:00,Molineux Stadium,Wolves,Liverpool,1,3,Premier League,2023,Regular Season - 5,False,True,A,0.25,0.75,-1.0,1.5
1035085,2023-09-16 14:00:00+00:00,London Stadium,West Ham,Manchester City,1,3,Premier League,2023,Regular Season - 5,False,True,A,0.75,1.0,1.25,2.25
1035081,2023-09-16 14:00:00+00:00,Old Trafford,Manchester United,Brighton,1,3,Premier League,2023,Regular Season - 5,False,True,A,0.5,0.75,-0.5,1.5
1035080,2023-09-16 14:00:00+00:00,Craven Cottage,Fulham,Luton,1,0,Premier League,2023,Regular Season - 5,True,False,H,0.25,0.0,-1.5,-2.33
1035084,2023-09-16 14:00:00+00:00,Tottenham Hotspur Stadium,Tottenham,Sheffield Utd,2,1,Premier League,2023,Regular Season - 5,True,False,H,0.75,0.0,1.75,-0.75
1035078,2023-09-16 14:00:00+00:00,Villa Park,Aston Villa,Crystal Palace,3,1,Premier League,2023,Regular Season - 5,True,False,H,0.5,0.5,-0.25,0.25
1035082,2023-09-16 16:30:00+00:00,St. James' Park,Newcastle,Brentford,1,0,Premier League,2023,Regular Season - 5,True,False,H,0.25,0.25,0.0,0.75
1035077,2023-09-17 13:00:00+00:00,Vitality Stadium,Bournemouth,Chelsea,0,0,Premier League,2023,Regular Season - 5,,,D,0.0,0.25,-1.0,0.0
1035079,2023-09-17 15:30:00+00:00,Goodison Park,Everton,Arsenal,0,1,Premier League,2023,Regular Season - 5,False,True,A,0.0,0.75,-1.5,1.0
1035083,2023-09-18 18:45:00+00:00,The City Ground,Nottingham Forest,Burnley,1,1,Premier League,2023,Regular Season - 5,,,D,0.5,0.0,0.0,-2.67
1035095,2023-09-23 14:00:00+00:00,Etihad Stadium,Manchester City,Nottingham Forest,2,0,Premier League,2023,Regular Season - 6,True,False,H,1.0,0.4,2.2,0.0
1035092,2023-09-23 14:00:00+00:00,Selhurst Park,Crystal Palace,Fulham,0,0,Premier League,2023,Regular Season - 6,,,D,0.4,0.4,-0.2,-1.0
1035094,2023-09-23 14:00:00+00:00,Kenilworth Road,Luton,Wolves,1,1,Premier League,2023,Regular Season - 6,,,D,0.0,0.2,-2.0,-1.2
1035088,2023-09-23 16:30:00+00:00,Gtech Community Stadium,Brentford,Everton,1,3,Premier League,2023,Regular Season - 6,False,True,A,0.2,0.0,0.4,-1.4
1035090,2023-09-23 19:00:00+00:00,Turf Moor,Burnley,Manchester United,0,1,Premier League,2023,Regular Season - 6,False,True,A,0.0,0.4,-2.0,-0.8
1035093,2023-09-24 13:00:00+00:00,Anfield,Liverpool,West Ham,3,1,Premier League,2023,Regular Season - 6,True,False,H,0.8,0.6,1.6,0.6
1035087,2023-09-24 13:00:00+00:00,Emirates Stadium,Arsenal,Tottenham,2,2,Premier League,2023,Regular Season - 6,,,D,0.8,0.8,1.0,1.6
1035091,2023-09-24 13:00:00+00:00,Stamford Bridge,Chelsea,Aston Villa,0,1,Premier League,2023,Regular Season - 6,False,True,A,0.2,0.6,0.0,0.2
1035089,2023-09-24 13:00:00+00:00,The American Express Community Stadium,Brighton,Bournemouth,3,1,Premier League,2023,Regular Season - 6,True,False,H,0.8,0.0,1.6,-0.8
1035096,2023-09-24 15:30:00+00:00,Bramall Lane,Sheffield Utd,Newcastle,0,8,Premier League,2023,Regular Season - 6,False,True,A,0.0,0.4,-0.8,0.2
1035098,2023-09-30 11:30:00+00:00,Villa Park,Aston Villa,Brighton,6,1,Premier League,2023,Regular Season - 7,True,False,H,0.67,0.83,0.33,1.67
1035105,2023-09-30 14:00:00+00:00,London Stadium,West Ham,Sheffield Utd,2,0,Premier League,2023,Regular Season - 7,True,False,H,0.5,0.0,0.17,-2.0
1035099,2023-09-30 14:00:00+00:00,Goodison Park,Everton,Luton,1,2,Premier League,2023,Regular Season - 7,False,True,A,0.17,0.0,-0.83,-1.6
1035106,2023-09-30 14:00:00+00:00,Molineux Stadium,Wolves,Manchester City,2,1,Premier League,2023,Regular Season - 7,True,False,H,0.17,1.0,-1.0,2.17
1035101,2023-09-30 14:00:00+00:00,Old Trafford,Manchester United,Crystal Palace,0,1,Premier League,2023,Regular Season - 7,False,True,A,0.5,0.33,-0.5,-0.17
1035102,2023-09-30 14:00:00+00:00,St. James' Park,Newcastle,Burnley,2,0,Premier League,2023,Regular Season - 7,True,False,H,0.5,0.0,1.5,-1.8
1035097,2023-09-30 14:00:00+00:00,Vitality Stadium,Bournemouth,Arsenal,0,4,Premier League,2023,Regular Season - 7,False,True,A,0.0,0.67,-1.0,0.83
1035104,2023-09-30 16:30:00+00:00,Tottenham Hotspur Stadium,Tottenham,Liverpool,2,1,Premier League,2023,Regular Season - 7,True,False,H,0.67,0.83,1.33,1.67
1035103,2023-10-01 13:00:00+00:00,The City Ground,Nottingham Forest,Brentford,1,1,Premier League,2023,Regular Season - 7,,,D,0.33,0.17,-0.33,0.0
1035100,2023-10-02 19:00:00+00:00,Craven Cottage,Fulham,Chelsea,0,2,Premier League,2023,Regular Season - 7,False,True,A,0.33,0.17,-0.83,-0.17
1035051,2023-10-03 18:30:00+00:00,Kenilworth Road,Luton,Burnley,1,2,Premier League,2023,Regular Season - 2,False,True,A,0.17,0.0,-1.17,-1.83
1035113,2023-10-07 11:30:00+00:00,Kenilworth Road,Luton,Tottenham,0,1,Premier League,2023,Regular Season - 8,False,True,A,0.14,0.71,-1.14,1.29
1035111,2023-10-07 14:00:00+00:00,Goodison Park,Everton,Bournemouth,3,0,Premier League,2023,Regular Season - 8,True,False,H,0.14,0.0,-0.86,-1.43
1035109,2023-10-07 14:00:00+00:00,Turf Moor,Burnley,Chelsea,1,4,Premier League,2023,Regular Season - 8,False,True,A,0.14,0.29,-1.43,0.14
1035114,2023-10-07 14:00:00+00:00,Old Trafford,Manchester United,Brentford,2,1,Premier League,2023,Regular Season - 8,True,False,H,0.43,0.14,-0.57,0.0
1035112,2023-10-07 14:00:00+00:00,Craven Cottage,Fulham,Sheffield Utd,3,1,Premier League,2023,Regular Season - 8,True,False,H,0.29,0.0,-1.0,-2.0
1035110,2023-10-07 16:30:00+00:00,Selhurst Park,Crystal Palace,Nottingham Forest,0,0,Premier League,2023,Regular Season - 8,,,D,0.43,0.29,0.0,-0.29
1035116,2023-10-08 13:00:00+00:00,Molineux Stadium,Wolves,Aston Villa,1,1,Premier League,2023,Regular Season - 8,,,D,0.29,0.71,-0.71,1.0
1035115,2023-10-08 13:00:00+00:00,London Stadium,West Ham,Newcastle,2,2,Premier League,2023,Regular Season - 8,,,D,0.57,0.57,0.43,1.57
1035108,2023-10-08 13:00:00+00:00,The American Express Community Stadium,Brighton,Liverpool,2,2,Premier League,2023,Regular Season - 8,,,D,0.71,0.71,0.71,1.29
1035107,2023-10-08 15:30:00+00:00,Emirates Stadium,Arsenal,Manchester City,1,0,Premier League,2023,Regular Season - 8,True,False,H,0.71,0.86,1.29,1.71
1035121,2023-10-21 11:30:00+00:00,Anfield,Liverpool,Everton,2,0,Premier League,2023,Regular Season - 9,True,False,H,0.62,0.25,1.12,-0.38
1035119,2023-10-21 14:00:00+00:00,Gtech Community Stadium,Brentford,Burnley,3,0,Premier League,2023,Regular Season - 9,True,False,H,0.12,0.12,-0.12,-1.62
1035124,2023-10-21 14:00:00+00:00,The City Ground,Nottingham Forest,Luton,2,2,Premier League,2023,Regular Season - 9,,,D,0.25,0.12,-0.25,-1.12
1035117,2023-10-21 14:00:00+00:00,Vitality Stadium,Bournemouth,Wolves,1,2,Premier League,2023,Regular Season - 9,False,True,A,0.0,0.25,-1.62,-0.62
1035123,2023-10-21 14:00:00+00:00,St. James' Park,Newcastle,Crystal Palace,4,0,Premier League,2023,Regular Season - 9,True,False,H,0.5,0.38,1.38,0.0
1035122,2023-10-21 14:00:00+00:00,Etihad Stadium,Manchester City,Brighton,2,1,Premier League,2023,Regular Season - 9,True,False,H,0.75,0.62,1.38,0.62
1035120,2023-10-21 16:30:00+00:00,Stamford Bridge,Chelsea,Arsenal,2,2,Premier League,2023,Regular Season - 9,,,D,0.38,0.75,0.5,1.25
1035125,2023-10-21 19:00:00+00:00,Bramall Lane,Sheffield Utd,Manchester United,1,2,Premier League,2023,Regular Season - 9,False,True,A,0.0,0.5,-2.0,-0.38
1035118,2023-10-22 15:30:00+00:00,Villa Park,Aston Villa,West Ham,4,1,Premier League,2023,Regular Season - 9,True,False,H,0.62,0.5,0.88,0.38
1035126,2023-10-23 19:00:00+00:00,Tottenham Hotspur Stadium,Tottenham,Fulham,2,0,Premier League,2023,Regular Season - 9,True,False,H,0.75,0.38,1.25,-0.62
1035132,2023-10-27 19:00:00+00:00,Selhurst Park,Crystal Palace,Tottenham,1,2,Premier League,2023,Regular Season - 10,False,True,A,0.33,0.78,-0.44,1.33
1035131,2023-10-28 11:30:00+00:00,Stamford Bridge,Chelsea,Brentford,0,2,Premier League,2023,Regular Season - 10,False,True,A,0.33,0.22,0.44,0.22
1035128,2023-10-28 14:00:00+00:00,Emirates Stadium,Arsenal,Sheffield Utd,5,0,Premier League,2023,Regular Season - 10,True,False,H,0.67,0.0,1.11,-1.89
1035127,2023-10-28 14:00:00+00:00,Vitality Stadium,Bournemouth,Burnley,2,1,Premier League,2023,Regular Season - 10,True,False,H,0.0,0.11,-1.56,-1.78
1035136,2023-10-28 16:30:00+00:00,Molineux Stadium,Wolves,Newcastle,2,2,Premier League,2023,Regular Season - 10,,,D,0.33,0.56,-0.44,1.67
1035135,2023-10-29 13:00:00+00:00,London Stadium,West Ham,Everton,0,1,Premier League,2023,Regular Season - 10,False,True,A,0.44,0.22,0.0,-0.56
1035133,2023-10-29 14:00:00+00:00,Anfield,Liverpool,Nottingham Forest,3,0,Premier League,2023,Regular Season - 10,True,False,H,0.67,0.22,1.22,-0.22
1035130,2023-10-29 14:00:00+00:00,The American Express Community Stadium,Brighton,Fulham,1,1,Premier League,2023,Regular Season - 10,,,D,0.56,0.33,0.44,-0.78
1035129,2023-10-29 14:00:00+00:00,Villa Park,Aston Villa,Luton,3,1,Premier League,2023,Regular Season - 10,True,False,H,0.67,0.11,1.11,-1.0
1035134,2023-10-29 15:30:00+00:00,Old Trafford,Manchester United,Manchester City,0,3,Premier League,2023,Regular Season - 10,False,True,A,0.56,0.78,-0.22,1.33
1035140,2023-11-04 12:30:00+00:00,Craven Cottage,Fulham,Manchester United,0,1,Premier League,2023,Regular Season - 11,False,True,A,0.3,0.5,-0.7,-0.5
1035138,2023-11-04 15:00:00+00:00,Turf Moor,Burnley,Crystal Palace,0,2,Premier League,2023,Regular Season - 11,False,True,A,0.1,0.3,-1.7,-0.5
1035139,2023-11-04 15:00:00+00:00,Goodison Park,Everton,Brighton,1,1,Premier League,2023,Regular Season - 11,,,D,0.3,0.5,-0.4,0.4
1035142,2023-11-04 15:00:00+00:00,Etihad Stadium,Manchester City,Bournemouth,6,1,Premier League,2023,Regular Season - 11,True,False,H,0.8,0.1,1.5,-1.3
1035137,2023-11-04 15:00:00+00:00,Gtech Community Stadium,Brentford,West Ham,3,2,Premier League,2023,Regular Season - 11,True,False,H,0.3,0.4,0.4,-0.1
1035145,2023-11-04 15:00:00+00:00,Bramall Lane,Sheffield Utd,Wolves,2,1,Premier League,2023,Regular Season - 11,True,False,H,0.0,0.3,-2.2,-0.4
1035143,2023-11-04 17:30:00+00:00,St. James' Park,Newcastle,Arsenal,1,0,Premier League,2023,Regular Season - 11,True,False,H,0.5,0.7,1.5,1.5
1035144,2023-11-05 14:00:00+00:00,The City Ground,Nottingham Forest,Aston Villa,2,0,Premier League,2023,Regular Season - 11,True,False,H,0.2,0.7,-0.5,1.2
1035141,2023-11-05 16:30:00+00:00,Kenilworth Road,Luton,Liverpool,1,1,Premier League,2023,Regular Season - 11,,,D,0.1,0.7,-1.1,1.4
1035146,2023-11-06 20:00:00+00:00,Tottenham Hotspur Stadium,Tottenham,Chelsea,1,4,Premier League,2023,Regular Season - 11,False,True,A,0.8,0.3,1.3,0.2
1035156,2023-11-11 12:30:00+00:00,Molineux Stadium,Wolves,Tottenham,2,1,Premier League,2023,Regular Season - 12,True,False,H,0.27,0.73,-0.45,0.91
1035154,2023-11-11 15:00:00+00:00,Old Trafford,Manchester United,Luton,1,0,Premier League,2023,Regular Season - 12,True,False,H,0.55,0.09,-0.36,-1.0
1035148,2023-11-11 15:00:00+00:00,Emirates Stadium,Arsenal,Burnley,3,1,Premier League,2023,Regular Season - 12,True,False,H,0.64,0.09,1.27,-1.73
1035152,2023-11-11 15:00:00+00:00,Selhurst Park,Crystal Palace,Everton,2,3,Premier League,2023,Regular Season - 12,False,True,A,0.36,0.27,-0.27,-0.36
1035147,2023-11-11 17:30:00+00:00,Vitality Stadium,Bournemouth,Newcastle,2,0,Premier League,2023,Regular Season - 12,True,False,H,0.09,0.55,-1.64,1.45
1035153,2023-11-12 14:00:00+00:00,Anfield,Liverpool,Brentford,3,0,Premier League,2023,Regular Season - 12,True,False,H,0.64,0.36,1.27,0.45
1035155,2023-11-12 14:00:00+00:00,London Stadium,West Ham,Nottingham Forest,3,2,Premier League,2023,Regular Season - 12,True,False,H,0.36,0.27,-0.18,-0.27
1035150,2023-11-12 14:00:00+00:00,The American Express Community Stadium,Brighton,Sheffield Utd,1,1,Premier League,2023,Regular Season - 12,,,D,0.45,0.09,0.36,-1.91
1035149,2023-11-12 14:00:00+00:00,Villa Park,Aston Villa,Fulham,3,1,Premier League,2023,Regular Season - 12,True,False,H,0.64,0.27,0.91,-0.73
1035151,2023-11-12 16:30:00+00:00,Stamford Bridge,Chelsea,Manchester City,4,4,Premier League,2023,Regular Season - 12,,,D,0.36,0.82,0.45,1.82
1035299,2023-11-25 12:30:00+00:00,Etihad Stadium,Manchester City,Liverpool,1,1,Premier League,2023,Regular Season - 13,,,D,0.75,0.67,1.67,1.42
1035300,2023-11-25 15:00:00+00:00,St. James' Park,Newcastle,Chelsea,4,1,Premier League,2023,Regular Season - 13,True,False,H,0.5,0.33,1.17,0.42
1035295,2023-11-25 15:00:00+00:00,Turf Moor,Burnley,West Ham,1,2,Premier League,2023,Regular Season - 13,False,True,A,0.08,0.42,-1.75,-0.08
1035302,2023-11-25 15:00:00+00:00,Bramall Lane,Sheffield Utd,Bournemouth,1,3,Premier League,2023,Regular Season - 13,False,True,A,0.08,0.17,-1.75,-1.33
1035301,2023-11-25 15:00:00+00:00,The City Ground,Nottingham Forest,Brighton,2,3,Premier League,2023,Regular Season - 13,False,True,A,0.25,0.42,-0.33,0.33
1035298,2023-11-25 15:00:00+00:00,Kenilworth Road,Luton,Crystal Palace,2,1,Premier League,2023,Regular Season - 13,True,False,H,0.08,0.33,-1.0,-0.33
1035294,2023-11-25 17:30:00+00:00,Gtech Community Stadium,Brentford,Arsenal,0,1,Premier League,2023,Regular Season - 13,False,True,A,0.33,0.67,0.17,1.33
1035303,2023-11-26 14:00:00+00:00,Tottenham Hotspur Stadium,Tottenham,Aston Villa,1,2,Premier League,2023,Regular Season - 13,False,True,A,0.67,0.67,0.75,1.0
1035296,2023-11-26 16:30:00+00:00,Goodison Park,Everton,Manchester United,0,3,Premier League,2023,Regular Season - 13,False,True,A,0.33,0.58,-0.25,-0.25
1035297,2023-11-27 20:00:00+00:00,Craven Cottage,Fulham,Wolves,3,2,Premier League,2023,Regular Season - 13,True,False,H,0.25,0.33,-0.83,-0.33
1035306,2023-12-02 15:00:00+00:00,Gtech Community Stadium,Brentford,Luton,3,1,Premier League,2023,Regular Season - 14,True,False,H,0.31,0.15,0.08,-0.85
1035307,2023-12-02 15:00:00+00:00,Turf Moor,Burnley,Sheffield Utd,5,0,Premier League,2023,Regular Season - 14,True,False,H,0.08,0.08,-1.69,-1.77
1035305,2023-12-02 15:00:00+00:00,Emirates Stadium,Arsenal,Wolves,2,1,Premier League,2023,Regular Season - 14,True,False,H,0.69,0.31,1.31,-0.38
1035312,2023-12-02 17:30:00+00:00,The City Ground,Nottingham Forest,Everton,0,1,Premier League,2023,Regular Season - 14,False,True,A,0.23,0.31,-0.38,-0.46
1035311,2023-12-02 20:00:00+00:00,St. James' Park,Newcastle,Manchester United,1,0,Premier League,2023,Regular Season - 14,True,False,H,0.54,0.62,1.31,0.0
1035304,2023-12-03 14:00:00+00:00,Vitality Stadium,Bournemouth,Aston Villa,2,2,Premier League,2023,Regular Season - 14,,,D,0.23,0.69,-1.08,1.0
1035309,2023-12-03 14:00:00+00:00,Anfield,Liverpool,Fulham,4,3,Premier League,2023,Regular Season - 14,True,False,H,0.62,0.31,1.31,-0.69
1035313,2023-12-03 14:00:00+00:00,London Stadium,West Ham,Crystal Palace,1,1,Premier League,2023,Regular Season - 14,,,D,0.46,0.31,0.0,-0.38
1035308,2023-12-03 14:00:00+00:00,Stamford Bridge,Chelsea,Brighton,3,2,Premier League,2023,Regular Season - 14,True,False,H,0.31,0.46,0.15,0.38
1035310,2023-12-03 16:30:00+00:00,Etihad Stadium,Manchester City,Tottenham,3,3,Premier League,2023,Regular Season - 14,,,D,0.69,0.62,1.54,0.62
1035321,2023-12-05 19:30:00+00:00,Molineux Stadium,Wolves,Burnley,1,0,Premier League,2023,Regular Season - 15,True,False,H,0.29,0.14,-0.43,-1.21
1035318,2023-12-05 20:15:00+00:00,Kenilworth Road,Luton,Arsenal,3,4,Premier League,2023,Regular Season - 15,False,True,A,0.14,0.71,-0.93,1.29
1035319,2023-12-06 19:30:00+00:00,Bramall Lane,Sheffield Utd,Liverpool,0,2,Premier League,2023,Regular Season - 15,False,True,A,0.07,0.64,-2.0,1.29
1035322,2023-12-06 19:30:00+00:00,Selhurst Park,Crystal Palace,Bournemouth,0,2,Premier League,2023,Regular Season - 15,False,True,A,0.29,0.21,-0.36,-1.0
1035315,2023-12-06 19:30:00+00:00,The American Express Community Stadium,Brighton,Brentford,2,1,Premier League,2023,Regular Season - 15,True,False,H,0.43,0.36,0.29,0.21
1035317,2023-12-06 19:30:00+00:00,Craven Cottage,Fulham,Nottingham Forest,5,0,Premier League,2023,Regular Season - 15,True,False,H,0.29,0.21,-0.71,-0.43
1035323,2023-12-06 20:15:00+00:00,Old Trafford,Manchester United,Chelsea,2,1,Premier League,2023,Regular Season - 15,True,False,H,0.57,0.36,-0.07,0.21
1035314,2023-12-06 20:15:00+00:00,Villa Park,Aston Villa,Manchester City,1,0,Premier League,2023,Regular Season - 15,True,False,H,0.64,0.64,0.93,1.43
1035316,2023-12-07 19:30:00+00:00,Goodison Park,Everton,Newcastle,3,0,Premier League,2023,Regular Season - 15,True,False,H,0.36,0.57,-0.36,1.29
1035320,2023-12-07 20:15:00+00:00,Tottenham Hotspur Stadium,Tottenham,West Ham,1,2,Premier League,2023,Regular Season - 15,False,True,A,0.57,0.43,0.57,0.0
1035326,2023-12-09 12:30:00+00:00,Selhurst Park,Crystal Palace,Liverpool,1,2,Premier League,2023,Regular Season - 16,False,True,A,0.27,0.67,-0.47,1.33
1035330,2023-12-09 15:00:00+00:00,Old Trafford,Manchester United,Bournemouth,0,3,Premier League,2023,Regular Season - 16,False,True,A,0.6,0.27,0.0,-0.8
1035333,2023-12-09 15:00:00+00:00,Molineux Stadium,Wolves,Nottingham Forest,1,1,Premier League,2023,Regular Season - 16,,,D,0.33,0.2,-0.33,-0.73
1035325,2023-12-09 15:00:00+00:00,The American Express Community Stadium,Brighton,Burnley,1,1,Premier League,2023,Regular Season - 16,,,D,0.47,0.13,0.33,-1.2
1035331,2023-12-09 15:00:00+00:00,Bramall Lane,Sheffield Utd,Brentford,1,0,Premier League,2023,Regular Season - 16,True,False,H,0.07,0.33,-2.0,0.13
1035324,2023-12-09 17:30:00+00:00,Villa Park,Aston Villa,Arsenal,1,0,Premier League,2023,Regular Season - 16,True,False,H,0.67,0.73,0.93,1.27
1035328,2023-12-10 14:00:00+00:00,Craven Cottage,Fulham,West Ham,5,0,Premier League,2023,Regular Season - 16,True,False,H,0.33,0.47,-0.33,0.07
1035327,2023-12-10 14:00:00+00:00,Goodison Park,Everton,Chelsea,2,0,Premier League,2023,Regular Season - 16,True,False,H,0.4,0.33,-0.13,0.13
1035329,2023-12-10 14:00:00+00:00,Kenilworth Road,Luton,Manchester City,1,2,Premier League,2023,Regular Season - 16,False,True,A,0.13,0.6,-0.93,1.27
1035332,2023-12-10 16:30:00+00:00,Tottenham Hotspur Stadium,Tottenham,Newcastle,4,1,Premier League,2023,Regular Season - 16,True,False,H,0.53,0.53,0.47,1.0
1035342,2023-12-15 20:00:00+00:00,The City Ground,Nottingham Forest,Tottenham,0,2,Premier League,2023,Regular Season - 17,False,True,A,0.19,0.56,-0.69,0.62
1035341,2023-12-16 15:00:00+00:00,St. James' Park,Newcastle,Fulham,3,0,Premier League,2023,Regular Season - 17,True,False,H,0.5,0.38,0.75,0.0
1035338,2023-12-16 15:00:00+00:00,Stamford Bridge,Chelsea,Sheffield Utd,2,0,Premier League,2023,Regular Season - 17,True,False,H,0.31,0.12,0.0,-1.81
1035340,2023-12-16 15:00:00+00:00,Etihad Stadium,Manchester City,Crystal Palace,2,2,Premier League,2023,Regular Season - 17,,,D,0.62,0.25,1.25,-0.5
1035337,2023-12-16 17:30:00+00:00,Turf Moor,Burnley,Everton,0,2,Premier League,2023,Regular Season - 17,False,True,A,0.12,0.44,-1.12,0.0
1035343,2023-12-17 14:00:00+00:00,London Stadium,West Ham,Wolves,3,0,Premier League,2023,Regular Season - 17,True,False,H,0.44,0.31,-0.25,-0.31
1035336,2023-12-17 14:00:00+00:00,Gtech Community Stadium,Brentford,Aston Villa,1,2,Premier League,2023,Regular Season - 17,False,True,A,0.31,0.69,0.06,0.94
1035335,2023-12-17 14:00:00+00:00,Emirates Stadium,Arsenal,Brighton,2,0,Premier League,2023,Regular Season - 17,True,False,H,0.69,0.44,1.12,0.31
1035339,2023-12-17 16:30:00+00:00,Anfield,Liverpool,Manchester United,0,0,Premier League,2023,Regular Season - 17,,,D,0.69,0.56,1.31,-0.19
1035345,2023-12-21 20:00:00+00:00,Selhurst Park,Crystal Palace,Brighton,1,1,Premier League,2023,Regular Season - 18,,,D,0.24,0.41,-0.47,0.18
1035344,2023-12-22 20:00:00+00:00,Villa Park,Aston Villa,Sheffield Utd,1,1,Premier League,2023,Regular Season - 18,,,D,0.71,0.12,0.94,-1.82
1035352,2023-12-23 12:30:00+00:00,London Stadium,West Ham,Manchester United,2,0,Premier League,2023,Regular Season - 18,True,False,H,0.47,0.53,-0.06,-0.18
1035346,2023-12-23 15:00:00+00:00,Craven Cottage,Fulham,Burnley,0,2,Premier League,2023,Regular Season - 18,False,True,A,0.35,0.12,-0.18,-1.18
1035351,2023-12-23 15:00:00+00:00,Tottenham Hotspur Stadium,Tottenham,Everton,2,1,Premier League,2023,Regular Season - 18,True,False,H,0.59,0.47,0.71,0.12
1035350,2023-12-23 15:00:00+00:00,The City Ground,Nottingham Forest,Bournemouth,2,3,Premier League,2023,Regular Season - 18,False,True,A,0.18,0.31,-0.76,-0.56
1035348,2023-12-23 15:00:00+00:00,Kenilworth Road,Luton,Newcastle,1,0,Premier League,2023,Regular Season - 18,True,False,H,0.12,0.53,-0.94,0.88
1035347,2023-12-23 17:30:00+00:00,Anfield,Liverpool,Arsenal,1,1,Premier League,2023,Regular Season - 18,,,D,0.65,0.71,1.24,1.18
1035353,2023-12-24 13:00:00+00:00,Molineux Stadium,Wolves,Chelsea,2,1,Premier League,2023,Regular Season - 18,True,False,H,0.29,0.35,-0.47,0.12
1035362,2023-12-26 12:30:00+00:00,St. James' Park,Newcastle,Nottingham Forest,1,3,Premier League,2023,Regular Season - 19,False,True,A,0.5,0.17,0.78,-0.78
1035354,2023-12-26 15:00:00+00:00,Vitality Stadium,Bournemouth,Fulham,3,0,Premier League,2023,Regular Season - 19,True,False,H,0.35,0.33,-0.47,-0.28
1035363,2023-12-26 15:00:00+00:00,Bramall Lane,Sheffield Utd,Luton,2,3,Premier League,2023,Regular Season - 19,False,True,A,0.11,0.18,-1.72,-0.82
1035358,2023-12-26 17:30:00+00:00,Turf Moor,Burnley,Liverpool,0,2,Premier League,2023,Regular Season - 19,False,True,A,0.17,0.61,-1.0,1.17
1035361,2023-12-26 20:00:00+00:00,Old Trafford,Manchester United,Aston Villa,3,2,Premier League,2023,Regular Season - 19,True,False,H,0.5,0.67,-0.28,0.89
1035359,2023-12-27 19:30:00+00:00,Stamford Bridge,Chelsea,Crystal Palace,2,1,Premier League,2023,Regular Season - 19,True,False,H,0.33,0.22,0.06,-0.44
1035356,2023-12-27 19:30:00+00:00,Gtech Community Stadium,Brentford,Wolves,1,4,Premier League,2023,Regular Season - 19,False,True,A,0.29,0.33,0.0,-0.39
1035360,2023-12-27 20:15:00+00:00,Goodison Park,Everton,Manchester City,1,3,Premier League,2023,Regular Season - 19,False,True,A,0.44,0.59,0.06,1.18
1035357,2023-12-28 19:30:00+00:00,American Express Stadium,Brighton,Tottenham,4,2,Premier League,2023,Regular Season - 19,True,False,H,0.39,0.61,0.17,0.72
1035355,2023-12-28 20:15:00+00:00,Emirates Stadium,Arsenal,West Ham,0,2,Premier League,2023,Regular Season - 19,False,True,A,0.67,0.5,1.11,0.06
1035368,2023-12-30 12:30:00+00:00,Kenilworth Road,Luton,Chelsea,2,3,Premier League,2023,Regular Season - 20,False,True,A,0.22,0.37,-0.72,0.11
1035364,2023-12-30 15:00:00+00:00,Villa Park,Aston Villa,Burnley,3,2,Premier League,2023,Regular Season - 20,True,False,H,0.63,0.16,0.79,-1.05
1035365,2023-12-30 15:00:00+00:00,Selhurst Park,Crystal Palace,Brentford,3,1,Premier League,2023,Regular Season - 20,True,False,H,0.21,0.28,-0.47,-0.17
1035373,2023-12-30 15:00:00+00:00,Molineux Stadium,Wolves,Everton,3,0,Premier League,2023,Regular Season - 20,True,False,H,0.37,0.42,-0.21,-0.05
1035369,2023-12-30 15:00:00+00:00,Etihad Stadium,Manchester City,Sheffield Utd,2,0,Premier League,2023,Regular Season - 20,True,False,H,0.61,0.11,1.22,-1.68
1035370,2023-12-30 17:30:00+00:00,The City Ground,Nottingham Forest,Manchester United,2,1,Premier League,2023,Regular Season - 20,True,False,H,0.21,0.53,-0.63,-0.21
1035366,2023-12-31 14:00:00+00:00,Craven Cottage,Fulham,Arsenal,2,1,Premier League,2023,Regular Season - 20,True,False,H,0.32,0.63,-0.42,0.95
1035371,2023-12-31 14:00:00+00:00,Tottenham Hotspur Stadium,Tottenham,Bournemouth,3,1,Premier League,2023,Regular Season - 20,True,False,H,0.58,0.39,0.58,-0.28
1035367,2024-01-01 20:00:00+00:00,Anfield,Liverpool,Newcastle,4,2,Premier League,2023,Regular Season - 20,True,False,H,0.63,0.47,1.21,0.63
1035372,2024-01-02 19:30:00+00:00,London Stadium,West Ham,Brighton,0,0,Premier League,2023,Regular Season - 20,,,D,0.53,0.42,0.16,0.26
1035378,2024-01-12 19:45:00+00:00,Turf Moor,Burnley,Luton,1,1,Premier League,2023,Regular Season - 21,,,D,0.15,0.21,-1.05,-0.74
1035379,2024-01-13 12:30:00+00:00,Stamford Bridge,Chelsea,Fulham,1,0,Premier League,2023,Regular Season - 21,True,False,H,0.4,0.35,0.15,-0.35
1035382,2024-01-13 17:30:00+00:00,St. James' Park,Newcastle,Manchester City,2,3,Premier League,2023,Regular Season - 21,False,True,A,0.45,0.63,0.5,1.26
1035380,2024-01-14 14:00:00+00:00,Goodison Park,Everton,Aston Villa,0,0,Premier League,2023,Regular Season - 21,,,D,0.4,0.65,-0.2,0.8
1035381,2024-01-14 16:30:00+00:00,Old Trafford,Manchester United,Tottenham,2,2,Premier League,2023,Regular Season - 21,,,D,0.5,0.6,-0.25,0.65
1035375,2024-01-20 12:30:00+00:00,Emirates Stadium,Arsenal,Crystal Palace,5,0,Premier League,2023,Regular Season - 21,True,False,H,0.6,0.25,0.85,-0.35
1035376,2024-01-20 17:30:00+00:00,Gtech Community Stadium,Brentford,Nottingham Forest,3,2,Premier League,2023,Regular Season - 21,True,False,H,0.26,0.25,-0.26,-0.55
1035383,2024-01-21 14:00:00+00:00,Bramall Lane,Sheffield Utd,West Ham,2,2,Premier League,2023,Regular Season - 21,,,D,0.1,0.5,-1.7,0.15
1035374,2024-01-21 16:30:00+00:00,Vitality Stadium,Bournemouth,Liverpool,0,4,Premier League,2023,Regular Season - 21,False,True,A,0.37,0.65,-0.37,1.25
1035377,2024-01-22 19:45:00+00:00,American Express Stadium,Brighton,Wolves,0,0,Premier League,2023,Regular Season - 21,,,D,0.4,0.4,0.25,-0.05
1035387,2024-01-30 19:30:00+00:00,The City Ground,Nottingham Forest,Arsenal,1,2,Premier League,2023,Regular Season - 22,False,True,A,0.24,0.62,-0.57,1.05
1035385,2024-01-30 19:45:00+00:00,Craven Cottage,Fulham,Everton,0,0,Premier League,2023,Regular Season - 22,,,D,0.33,0.38,-0.38,-0.19
1035386,2024-01-30 19:45:00+00:00,Kenilworth Road,Luton,Brighton,4,0,Premier League,2023,Regular Season - 22,True,False,H,0.2,0.38,-0.7,0.24
1035391,2024-01-30 20:00:00+00:00,Selhurst Park,Crystal Palace,Sheffield Utd,3,2,Premier League,2023,Regular Season - 22,True,False,H,0.24,0.1,-0.57,-1.62
1035384,2024-01-30 20:15:00+00:00,Villa Park,Aston Villa,Newcastle,1,3,Premier League,2023,Regular Season - 22,False,True,A,0.62,0.43,0.76,0.43
1035393,2024-01-31 19:30:00+00:00,Etihad Stadium,Manchester City,Burnley,3,1,Premier League,2023,Regular Season - 22,True,False,H,0.65,0.14,1.25,-1.0
1035388,2024-01-31 19:30:00+00:00,Tottenham Hotspur Stadium,Tottenham,Brentford,3,2,Premier League,2023,Regular Season - 22,True,False,H,0.57,0.3,0.62,-0.2
1035392,2024-01-31 20:15:00+00:00,Anfield,Liverpool,Chelsea,4,1,Premier League,2023,Regular Season - 22,True,False,H,0.67,0.43,1.38,0.19
1035389,2024-02-01 19:30:00+00:00,London Stadium,West Ham,Bournemouth,1,1,Premier League,2023,Regular Season - 22,,,D,0.48,0.35,0.14,-0.55
1035390,2024-02-01 20:15:00+00:00,Molineux Stadium,Wolves,Manchester United,3,4,Premier League,2023,Regular Season - 22,False,True,A,0.38,0.48,-0.05,-0.24
1035400,2024-02-03 12:30:00+00:00,Goodison Park,Everton,Tottenham,2,2,Premier League,2023,Regular Season - 23,,,D,0.36,0.59,-0.18,0.64
1035402,2024-02-03 15:00:00+00:00,St. James' Park,Newcastle,Luton,4,4,Premier League,2023,Regular Season - 23,,,D,0.45,0.24,0.5,-0.48
1035398,2024-02-03 15:00:00+00:00,Turf Moor,Burnley,Fulham,2,2,Premier League,2023,Regular Season - 23,,,D,0.14,0.32,-1.05,-0.36
1035397,2024-02-03 15:00:00+00:00,American Express Stadium,Brighton,Crystal Palace,4,1,Premier League,2023,Regular Season - 23,True,False,H,0.36,0.27,0.05,-0.5
1035403,2024-02-03 17:30:00+00:00,Bramall Lane,Sheffield Utd,Aston Villa,0,5,Premier League,2023,Regular Season - 23,False,True,A,0.09,0.59,-1.59,0.64
1035399,2024-02-04 14:00:00+00:00,Stamford Bridge,Chelsea,Wolves,2,4,Premier League,2023,Regular Season - 23,False,True,A,0.41,0.36,0.05,-0.09
1035394,2024-02-04 14:00:00+00:00,Vitality Stadium,Bournemouth,Nottingham Forest,1,1,Premier League,2023,Regular Season - 23,,,D,0.33,0.23,-0.52,-0.59
1035401,2024-02-04 14:00:00+00:00,Old Trafford,Manchester United,West Ham,3,0,Premier League,2023,Regular Season - 23,True,False,H,0.5,0.45,-0.18,0.14
1035395,2024-02-04 16:30:00+00:00,Emirates Stadium,Arsenal,Liverpool,3,1,Premier League,2023,Regular Season - 23,True,False,H,0.64,0.68,1.05,1.45
1035396,2024-02-05 20:00:00+00:00,Gtech Community Stadium,Brentford,Manchester City,1,3,Premier League,2023,Regular Season - 23,False,True,A,0.29,0.67,-0.24,1.29
1035409,2024-02-10 12:30:00+00:00,Etihad Stadium,Manchester City,Everton,2,0,Premier League,2023,Regular Season - 24,True,False,H,0.68,0.35,1.32,-0.17
1035406,2024-02-10 15:00:00+00:00,Craven Cottage,Fulham,Bournemouth,3,1,Premier League,2023,Regular Season - 24,True,False,H,0.3,0.32,-0.35,-0.5
1035413,2024-02-10 15:00:00+00:00,Molineux Stadium,Wolves,Brentford,0,2,Premier League,2023,Regular Season - 24,False,True,A,0.39,0.27,0.0,-0.32
1035407,2024-02-10 15:00:00+00:00,Anfield,Liverpool,Burnley,3,1,Premier League,2023,Regular Season - 24,True,False,H,0.65,0.13,1.3,-1.0
1035411,2024-02-10 15:00:00+00:00,Tottenham Hotspur Stadium,Tottenham,Brighton,2,1,Premier League,2023,Regular Season - 24,True,False,H,0.57,0.39,0.61,0.17
1035408,2024-02-10 15:00:00+00:00,Kenilworth Road,Luton,Sheffield Utd,1,3,Premier League,2023,Regular Season - 24,False,True,A,0.23,0.09,-0.45,-1.74
1035410,2024-02-10 17:30:00+00:00,The City Ground,Nottingham Forest,Newcastle,2,3,Premier League,2023,Regular Season - 24,False,True,A,0.22,0.43,-0.57,0.48
1035412,2024-02-11 14:00:00+00:00,London Stadium,West Ham,Arsenal,0,6,Premier League,2023,Regular Season - 24,False,True,A,0.43,0.65,0.0,1.09
1035404,2024-02-11 16:30:00+00:00,Villa Park,Aston Villa,Manchester United,1,2,Premier League,2023,Regular Season - 24,False,True,A,0.61,0.52,0.83,-0.04
1035405,2024-02-12 20:00:00+00:00,Selhurst Park,Crystal Palace,Chelsea,1,3,Premier League,2023,Regular Season - 24,False,True,A,0.26,0.39,-0.61,-0.04
1035414,2024-02-17 12:30:00+00:00,Gtech Community Stadium,Brentford,Liverpool,1,4,Premier League,2023,Regular Season - 25,False,True,A,0.3,0.67,-0.22,1.33
1035420,2024-02-17 15:00:00+00:00,St. James' Park,Newcastle,Bournemouth,2,2,Premier League,2023,Regular Season - 25,,,D,0.46,0.3,0.5,-0.57
1035417,2024-02-17 15:00:00+00:00,Craven Cottage,Fulham,Aston Villa,1,2,Premier League,2023,Regular Season - 25,False,True,A,0.33,0.58,-0.25,0.75
1035415,2024-02-17 15:00:00+00:00,Turf Moor,Burnley,Arsenal,0,5,Premier League,2023,Regular Season - 25,False,True,A,0.12,0.67,-1.04,1.29
1035423,2024-02-17 15:00:00+00:00,Tottenham Hotspur Stadium,Tottenham,Wolves,1,2,Premier League,2023,Regular Season - 25,False,True,A,0.58,0.38,0.62,-0.08
1035421,2024-02-17 15:00:00+00:00,The City Ground,Nottingham Forest,West Ham,2,0,Premier League,2023,Regular Season - 25,True,False,H,0.21,0.42,-0.58,-0.25
1035419,2024-02-17 17:30:00+00:00,Etihad Stadium,Manchester City,Chelsea,1,1,Premier League,2023,Regular Season - 25,,,D,0.7,0.42,1.35,0.04
1035422,2024-02-18 14:00:00+00:00,Bramall Lane,Sheffield Utd,Brighton,0,5,Premier League,2023,Regular Season - 25,False,True,A,0.12,0.38,-1.58,0.12
1035418,2024-02-18 16:30:00+00:00,Kenilworth Road,Luton,Manchester United,1,2,Premier League,2023,Regular Season - 25,False,True,A,0.22,0.54,-0.52,0.0
1035416,2024-02-19 20:00:00+00:00,Goodison Park,Everton,Crystal Palace,1,1,Premier League,2023,Regular Season - 25,,,D,0.33,0.25,-0.25,-0.67
1035349,2024-02-20 19:30:00+00:00,Etihad Stadium,Manchester City,Brentford,1,0,Premier League,2023,Regular Season - 18,True,False,H,0.67,0.29,1.29,-0.33
1035430,2024-02-21 19:30:00+00:00,Anfield,Liverpool,Luton,4,1,Premier League,2023,Regular Season - 26,True,False,H,0.68,0.21,1.4,-0.54
1035431,2024-02-24 15:00:00+00:00,Old Trafford,Manchester United,Fulham,1,2,Premier League,2023,Regular Season - 26,False,True,A,0.56,0.32,0.04,-0.28
1035427,2024-02-24 15:00:00+00:00,American Express Stadium,Brighton,Everton,1,1,Premier League,2023,Regular Season - 26,,,D,0.4,0.32,0.32,-0.24
1035429,2024-02-24 15:00:00+00:00,Selhurst Park,Crystal Palace,Burnley,3,0,Premier League,2023,Regular Season - 26,True,False,H,0.24,0.12,-0.64,-1.2
1035426,2024-02-24 15:00:00+00:00,Villa Park,Aston Villa,Nottingham Forest,4,2,Premier League,2023,Regular Season - 26,True,False,H,0.6,0.24,0.76,-0.48
1035424,2024-02-24 17:30:00+00:00,Vitality Stadium,Bournemouth,Manchester City,0,1,Premier League,2023,Regular Season - 26,False,True,A,0.29,0.68,-0.54,1.28
1035425,2024-02-24 20:00:00+00:00,Emirates Stadium,Arsenal,Newcastle,4,1,Premier League,2023,Regular Season - 26,True,False,H,0.68,0.44,1.44,0.48
1035433,2024-02-25 13:30:00+00:00,Molineux Stadium,Wolves,Sheffield Utd,1,0,Premier League,2023,Regular Season - 26,True,False,H,0.4,0.12,-0.04,-1.72
1035432,2024-02-26 20:00:00+00:00,London Stadium,West Ham,Brentford,4,2,Premier League,2023,Regular Season - 26,True,False,H,0.4,0.28,-0.32,-0.36
1035441,2024-03-02 15:00:00+00:00,The City Ground,Nottingham Forest,Liverpool,0,1,Premier League,2023,Regular Season - 27,False,True,A,0.23,0.69,-0.54,1.46
1035443,2024-03-02 15:00:00+00:00,Tottenham Hotspur Stadium,Tottenham,Crystal Palace,3,1,Premier League,2023,Regular Season - 27,True,False,H,0.56,0.27,0.56,-0.5
1035434,2024-03-02 15:00:00+00:00,Gtech Community Stadium,Brentford,Chelsea,2,2,Premier League,2023,Regular Season - 27,,,D,0.27,0.4,-0.42,0.04
1035437,2024-03-02 15:00:00+00:00,Craven Cottage,Fulham,Brighton,3,0,Premier League,2023,Regular Season - 27,True,False,H,0.35,0.38,-0.23,0.31
1035436,2024-03-02 15:00:00+00:00,Goodison Park,Everton,West Ham,1,3,Premier League,2023,Regular Season - 27,False,True,A,0.31,0.42,-0.23,-0.23
1035440,2024-03-02 15:00:00+00:00,St. James' Park,Newcastle,Wolves,3,0,Premier League,2023,Regular Season - 27,True,False,H,0.42,0.42,0.35,0.0
1035438,2024-03-02 17:30:00+00:00,Kenilworth Road,Luton,Aston Villa,2,3,Premier League,2023,Regular Season - 27,False,True,A,0.2,0.62,-0.64,0.81
1035435,2024-03-03 13:00:00+00:00,Turf Moor,Burnley,Bournemouth,0,2,Premier League,2023,Regular Season - 27,False,True,A,0.12,0.28,-1.27,-0.56
1035439,2024-03-03 15:30:00+00:00,Etihad Stadium,Manchester City,Manchester United,3,1,Premier League,2023,Regular Season - 27,True,False,H,0.69,0.54,1.27,0.0
1035442,2024-03-04 20:00:00+00:00,Bramall Lane,Sheffield Utd,Arsenal,0,6,Premier League,2023,Regular Season - 27,False,True,A,0.12,0.69,-1.69,1.5
1035451,2024-03-09 12:30:00+00:00,Old Trafford,Manchester United,Everton,2,0,Premier League,2023,Regular Season - 28,True,False,H,0.52,0.3,-0.07,-0.3
1035444,2024-03-09 15:00:00+00:00,Vitality Stadium,Bournemouth,Sheffield Utd,2,2,Premier League,2023,Regular Season - 28,,,D,0.31,0.11,-0.46,-1.85
1035453,2024-03-09 15:00:00+00:00,Molineux Stadium,Wolves,Fulham,2,1,Premier League,2023,Regular Season - 28,True,False,H,0.41,0.37,-0.11,-0.11
1035449,2024-03-09 15:00:00+00:00,Selhurst Park,Crystal Palace,Luton,1,1,Premier League,2023,Regular Season - 28,,,D,0.26,0.19,-0.56,-0.65
1035445,2024-03-09 17:30:00+00:00,Emirates Stadium,Arsenal,Brentford,2,1,Premier League,2023,Regular Season - 28,True,False,H,0.7,0.26,1.67,-0.41
1035446,2024-03-10 13:00:00+00:00,Villa Park,Aston Villa,Tottenham,0,4,Premier League,2023,Regular Season - 28,False,True,A,0.63,0.58,0.81,0.62
1035452,2024-03-10 14:00:00+00:00,London Stadium,West Ham,Burnley,2,2,Premier League,2023,Regular Season - 28,,,D,0.44,0.11,-0.15,-1.3
1035447,2024-03-10 14:00:00+00:00,American Express Stadium,Brighton,Nottingham Forest,1,0,Premier League,2023,Regular Season - 28,True,False,H,0.37,0.22,0.19,-0.56
1035450,2024-03-10 15:45:00+00:00,Anfield,Liverpool,Manchester City,1,1,Premier League,2023,Regular Season - 28,,,D,0.7,0.7,1.44,1.3
1035448,2024-03-11 20:00:00+00:00,Stamford Bridge,Chelsea,Newcastle,3,2,Premier League,2023,Regular Season - 28,True,False,H,0.38,0.44,0.04,0.44
1035334,2024-03-13 19:30:00+00:00,Vitality Stadium,Bournemouth,Luton,4,3,Premier League,2023,Regular Season - 17,True,False,H,0.3,0.19,-0.44,-0.63
1035456,2024-03-16 15:00:00+00:00,Turf Moor,Burnley,Brentford,2,1,Premier League,2023,Regular Season - 29,True,False,H,0.11,0.25,-1.25,-0.43
1035460,2024-03-16 15:00:00+00:00,Kenilworth Road,Luton,Nottingham Forest,1,1,Premier League,2023,Regular Season - 29,,,D,0.18,0.21,-0.64,-0.57
1035459,2024-03-16 17:30:00+00:00,Craven Cottage,Fulham,Tottenham,3,0,Premier League,2023,Regular Season - 29,True,False,H,0.36,0.59,-0.14,0.74
1035462,2024-03-17 14:00:00+00:00,London Stadium,West Ham,Aston Villa,1,1,Premier League,2023,Regular Season - 29,,,D,0.43,0.61,-0.14,0.64
1035470,2024-03-30 12:30:00+00:00,St. James' Park,Newcastle,West Ham,4,3,Premier League,2023,Regular Season - 30,True,False,H,0.43,0.41,0.39,-0.14
1035471,2024-03-30 15:00:00+00:00,The City Ground,Nottingham Forest,Crystal Palace,1,1,Premier League,2023,Regular Season - 30,,,D,0.21,0.25,-0.55,-0.54
1035472,2024-03-30 15:00:00+00:00,Bramall Lane,Sheffield Utd,Fulham,3,3,Premier League,2023,Regular Season - 30,,,D,0.11,0.38,-1.79,-0.03
1035473,2024-03-30 15:00:00+00:00,Tottenham Hotspur Stadium,Tottenham,Luton,2,1,Premier League,2023,Regular Season - 30,True,False,H,0.57,0.17,0.61,-0.62
1035464,2024-03-30 15:00:00+00:00,Vitality Stadium,Bournemouth,Everton,2,1,Premier League,2023,Regular Season - 30,True,False,H,0.32,0.29,-0.39,-0.36
1035467,2024-03-30 15:00:00+00:00,Stamford Bridge,Chelsea,Burnley,2,2,Premier League,2023,Regular Season - 30,,,D,0.41,0.14,0.07,-1.17
1035465,2024-03-30 17:30:00+00:00,Villa Park,Aston Villa,Wolves,2,0,Premier League,2023,Regular Season - 30,True,False,H,0.59,0.43,0.62,-0.07
1035466,2024-03-30 20:00:00+00:00,Gtech Community Stadium,Brentford,Manchester United,1,1,Premier League,2023,Regular Season - 30,,,D,0.24,0.54,-0.45,0.0
1035468,2024-03-31 13:00:00+00:00,Anfield,Liverpool,Brighton,2,1,Premier League,2023,Regular Season - 30,True,False,H,0.68,0.39,1.39,0.21
1035469,2024-03-31 15:30:00+00:00,Etihad Stadium,Manchester City,Arsenal,0,0,Premier League,2023,Regular Season - 30,,,D,0.68,0.71,1.25,1.64
1035481,2024-04-02 18:30:00+00:00,St. James' Park,Newcastle,Everton,1,1,Premier League,2023,Regular Season - 31,,,D,0.45,0.28,0.41,-0.38
1035478,2024-04-02 18:30:00+00:00,The City Ground,Nottingham Forest,Fulham,3,1,Premier League,2023,Regular Season - 31,True,False,H,0.2,0.37,-0.53,-0.03
1035477,2024-04-02 18:45:00+00:00,Turf Moor,Burnley,Wolves,1,1,Premier League,2023,Regular Season - 31,,,D,0.13,0.41,-1.13,-0.14
1035474,2024-04-02 18:45:00+00:00,Vitality Stadium,Bournemouth,Crystal Palace,1,0,Premier League,2023,Regular Season - 31,True,False,H,0.34,0.24,-0.34,-0.52
1035479,2024-04-02 19:15:00+00:00,London Stadium,West Ham,Tottenham,1,1,Premier League,2023,Regular Season - 31,,,D,0.4,0.59,-0.17,0.62
1035475,2024-04-03 18:30:00+00:00,Emirates Stadium,Arsenal,Luton,2,0,Premier League,2023,Regular Season - 31,True,False,H,0.69,0.17,1.59,-0.63
1035476,2024-04-03 18:30:00+00:00,Gtech Community Stadium,Brentford,Brighton,0,0,Premier League,2023,Regular Season - 31,,,D,0.23,0.38,-0.43,0.17
1035483,2024-04-03 19:15:00+00:00,Etihad Stadium,Manchester City,Aston Villa,4,1,Premier League,2023,Regular Season - 31,True,False,H,0.66,0.6,1.21,0.67
1035482,2024-04-04 18:30:00+00:00,Anfield,Liverpool,Sheffield Utd,3,1,Premier League,2023,Regular Season - 31,True,False,H,0.69,0.1,1.38,-1.72
1035480,2024-04-04 19:15:00+00:00,Stamford Bridge,Chelsea,Manchester United,4,3,Premier League,2023,Regular Season - 31,True,False,H,0.39,0.52,0.07,0.0
1035486,2024-04-06 11:30:00+00:00,Selhurst Park,Crystal Palace,Manchester City,2,4,Premier League,2023,Regular Season - 32,False,True,A,0.23,0.67,-0.53,1.27
1035484,2024-04-06 14:00:00+00:00,Villa Park,Aston Villa,Brentford,3,3,Premier League,2023,Regular Season - 32,,,D,0.58,0.23,0.55,-0.42
1035487,2024-04-06 14:00:00+00:00,Goodison Park,Everton,Burnley,1,0,Premier League,2023,Regular Season - 32,True,False,H,0.27,0.13,-0.37,-1.1
1035489,2024-04-06 14:00:00+00:00,Kenilworth Road,Luton,Bournemouth,2,1,Premier League,2023,Regular Season - 32,True,False,H,0.16,0.37,-0.68,-0.3
1035488,2024-04-06 14:00:00+00:00,Craven Cottage,Fulham,Newcastle,0,1,Premier League,2023,Regular Season - 32,False,True,A,0.35,0.43,-0.1,0.4
1035493,2024-04-06 14:00:00+00:00,Molineux Stadium,Wolves,West Ham,1,2,Premier League,2023,Regular Season - 32,False,True,A,0.4,0.39,-0.13,-0.16
1035485,2024-04-06 16:30:00+00:00,American Express Stadium,Brighton,Arsenal,0,3,Premier League,2023,Regular Season - 32,False,True,A,0.37,0.7,0.17,1.6
1035490,2024-04-07 14:30:00+00:00,Old Trafford,Manchester United,Liverpool,2,2,Premier League,2023,Regular Season - 32,,,D,0.5,0.7,-0.03,1.4
1035491,2024-04-07 16:30:00+00:00,Bramall Lane,Sheffield Utd,Chelsea,2,2,Premier League,2023,Regular Season - 32,,,D,0.1,0.41,-1.73,0.1
1035492,2024-04-07 17:00:00+00:00,Tottenham Hotspur Stadium,Tottenham,Nottingham Forest,3,1,Premier League,2023,Regular Season - 32,True,False,H,0.57,0.23,0.6,-0.45
1035501,2024-04-13 11:30:00+00:00,St. James' Park,Newcastle,Tottenham,4,0,Premier League,2023,Regular Season - 33,True,False,H,0.45,0.58,0.42,0.65
1035497,2024-04-13 14:00:00+00:00,Turf Moor,Burnley,Brighton,1,1,Premier League,2023,Regular Season - 33,,,D,0.12,0.35,-1.09,0.06
1035500,2024-04-13 14:00:00+00:00,Etihad Stadium,Manchester City,Luton,5,1,Premier League,2023,Regular Season - 33,True,False,H,0.68,0.19,1.29,-0.62
1035496,2024-04-13 14:00:00+00:00,Gtech Community Stadium,Brentford,Sheffield Utd,2,0,Premier League,2023,Regular Season - 33,True,False,H,0.22,0.1,-0.41,-1.68
1035502,2024-04-13 14:00:00+00:00,The City Ground,Nottingham Forest,Wolves,2,2,Premier League,2023,Regular Season - 33,,,D,0.22,0.39,-0.5,-0.16
1035494,2024-04-13 16:30:00+00:00,Vitality Stadium,Bournemouth,Manchester United,2,2,Premier League,2023,Regular Season - 33,,,D,0.35,0.48,-0.32,-0.03
1035499,2024-04-14 13:00:00+00:00,Anfield,Liverpool,Crystal Palace,0,1,Premier League,2023,Regular Season - 33,False,True,A,0.68,0.23,1.35,-0.58
1035503,2024-04-14 13:00:00+00:00,London Stadium,West Ham,Fulham,0,2,Premier League,2023,Regular Season - 33,False,True,A,0.41,0.34,-0.12,-0.12
1035495,2024-04-14 15:30:00+00:00,Emirates Stadium,Arsenal,Aston Villa,0,2,Premier League,2023,Regular Season - 33,False,True,A,0.71,0.56,1.65,0.53
1035498,2024-04-15 19:00:00+00:00,Stamford Bridge,Chelsea,Everton,6,0,Premier League,2023,Regular Season - 33,True,False,H,0.4,0.29,0.1,-0.32
1035511,2024-04-20 14:00:00+00:00,Bramall Lane,Sheffield Utd,Burnley,1,4,Premier League,2023,Regular Season - 34,False,True,A,0.09,0.12,-1.69,-1.06
1035509,2024-04-20 14:00:00+00:00,Kenilworth Road,Luton,Brentford,1,5,Premier League,2023,Regular Season - 34,False,True,A,0.18,0.24,-0.73,-0.33
1035513,2024-04-20 18:30:00+00:00,Molineux Stadium,Wolves,Arsenal,0,2,Premier League,2023,Regular Season - 34,False,True,A,0.38,0.69,-0.16,1.53
1035507,2024-04-21 12:30:00+00:00,Goodison Park,Everton,Nottingham Forest,2,0,Premier League,2023,Regular Season - 34,True,False,H,0.28,0.21,-0.5,-0.48
1035506,2024-04-21 14:00:00+00:00,Selhurst Park,Crystal Palace,West Ham,5,2,Premier League,2023,Regular Season - 34,True,False,H,0.25,0.39,-0.53,-0.18
1035504,2024-04-21 14:00:00+00:00,Villa Park,Aston Villa,Bournemouth,3,1,Premier League,2023,Regular Season - 34,True,False,H,0.58,0.34,0.58,-0.31
1035508,2024-04-21 15:30:00+00:00,Craven Cottage,Fulham,Liverpool,1,3,Premier League,2023,Regular Season - 34,False,True,A,0.36,0.66,-0.06,1.28
1035454,2024-04-23 19:00:00+00:00,Emirates Stadium,Arsenal,Chelsea,5,0,Premier League,2023,Regular Season - 29,True,False,H,0.7,0.42,1.55,0.29
1035463,2024-04-24 18:45:00+00:00,Molineux Stadium,Wolves,Bournemouth,0,1,Premier League,2023,Regular Season - 29,False,True,A,0.36,0.33,-0.21,-0.36
1035461,2024-04-24 19:00:00+00:00,Old Trafford,Manchester United,Sheffield Utd,4,2,Premier League,2023,Regular Season - 29,True,False,H,0.47,0.09,-0.03,-1.73
1035458,2024-04-24 19:00:00+00:00,Goodison Park,Everton,Liverpool,2,0,Premier League,2023,Regular Season - 29,True,False,H,0.3,0.67,-0.42,1.3
1035457,2024-04-24 19:00:00+00:00,Selhurst Park,Crystal Palace,Newcastle,2,0,Premier League,2023,Regular Season - 29,True,False,H,0.27,0.47,-0.42,0.53
1035455,2024-04-25 19:00:00+00:00,American Express Stadium,Brighton,Manchester City,0,4,Premier League,2023,Regular Season - 29,False,True,A,0.34,0.69,0.06,1.38
1035522,2024-04-27 11:30:00+00:00,London Stadium,West Ham,Liverpool,2,2,Premier League,2023,Regular Season - 35,,,D,0.38,0.65,-0.26,1.21
1035518,2024-04-27 14:00:00+00:00,Old Trafford,Manchester United,Burnley,1,1,Premier League,2023,Regular Season - 35,,,D,0.48,0.15,0.03,-0.94
1035519,2024-04-27 14:00:00+00:00,St. James' Park,Newcastle,Sheffield Utd,5,1,Premier League,2023,Regular Season - 35,True,False,H,0.45,0.09,0.45,-1.74
1035517,2024-04-27 14:00:00+00:00,Craven Cottage,Fulham,Crystal Palace,1,1,Premier League,2023,Regular Season - 35,,,D,0.35,0.29,-0.12,-0.35
1035523,2024-04-27 14:00:00+00:00,Molineux Stadium,Wolves,Luton,2,1,Premier League,2023,Regular Season - 35,True,False,H,0.35,0.18,-0.24,-0.82
1035516,2024-04-27 16:30:00+00:00,Goodison Park,Everton,Brentford,1,0,Premier League,2023,Regular Season - 35,True,False,H,0.32,0.26,-0.35,-0.21
1035515,2024-04-27 19:00:00+00:00,Villa Park,Aston Villa,Chelsea,2,2,Premier League,2023,Regular Season - 35,,,D,0.59,0.41,0.62,0.12
1035514,2024-04-28 13:00:00+00:00,Vitality Stadium,Bournemouth,Brighton,3,0,Premier League,2023,Regular Season - 35,True,False,H,0.35,0.33,-0.32,-0.06
1035521,2024-04-28 13:00:00+00:00,Tottenham Hotspur Stadium,Tottenham,Arsenal,2,3,Premier League,2023,Regular Season - 35,False,True,A,0.56,0.71,0.5,1.65
1035520,2024-04-28 15:30:00+00:00,The City Ground,Nottingham Forest,Manchester City,0,2,Premier League,2023,Regular Season - 35,False,True,A,0.21,0.7,-0.53,1.45
1035428,2024-05-02 18:30:00+00:00,Stamford Bridge,Chelsea,Tottenham,2,0,Premier League,2023,Regular Season - 26,True,False,H,0.39,0.55,0.12,0.45
1035531,2024-05-03 19:00:00+00:00,Kenilworth Road,Luton,Everton,1,1,Premier League,2023,Regular Season - 36,,,D,0.17,0.34,-0.83,-0.31
1035524,2024-05-04 11:30:00+00:00,Emirates Stadium,Arsenal,Bournemouth,3,0,Premier League,2023,Regular Season - 36,True,False,H,0.71,0.37,1.63,-0.23
1035527,2024-05-04 14:00:00+00:00,Turf Moor,Burnley,Newcastle,1,4,Premier League,2023,Regular Season - 36,False,True,A,0.14,0.47,-0.91,0.56
1035525,2024-05-04 14:00:00+00:00,Gtech Community Stadium,Brentford,Fulham,0,0,Premier League,2023,Regular Season - 36,,,D,0.26,0.34,-0.23,-0.11
1035533,2024-05-04 14:00:00+00:00,Bramall Lane,Sheffield Utd,Nottingham Forest,1,3,Premier League,2023,Regular Season - 36,False,True,A,0.09,0.2,-1.8,-0.57
1035532,2024-05-04 16:30:00+00:00,Etihad Stadium,Manchester City,Wolves,5,1,Premier League,2023,Regular Season - 36,True,False,H,0.71,0.37,1.47,-0.2
1035528,2024-05-05 13:00:00+00:00,Stamford Bridge,Chelsea,West Ham,5,0,Premier League,2023,Regular Season - 36,True,False,H,0.41,0.37,0.18,-0.26
1035526,2024-05-05 13:00:00+00:00,American Express Stadium,Brighton,Aston Villa,1,0,Premier League,2023,Regular Season - 36,True,False,H,0.32,0.57,-0.15,0.6
1035530,2024-05-05 15:30:00+00:00,Anfield,Liverpool,Tottenham,4,2,Premier League,2023,Regular Season - 36,True,False,H,0.63,0.53,1.17,0.38
1035529,2024-05-06 19:00:00+00:00,Selhurst Park,Crystal Palace,Manchester United,4,0,Premier League,2023,Regular Season - 36,True,False,H,0.29,0.47,-0.34,0.03
1035537,2024-05-11 11:30:00+00:00,Craven Cottage,Fulham,Manchester City,0,4,Premier League,2023,Regular Season - 37,False,True,A,0.33,0.71,-0.11,1.54
1035541,2024-05-11 14:00:00+00:00,Tottenham Hotspur Stadium,Tottenham,Burnley,2,1,Premier League,2023,Regular Season - 37,True,False,H,0.51,0.14,0.31,-0.97
1035536,2024-05-11 14:00:00+00:00,Goodison Park,Everton,Sheffield Utd,1,0,Premier League,2023,Regular Season - 37,True,False,H,0.33,0.08,-0.31,-1.81
1035542,2024-05-11 14:00:00+00:00,London Stadium,West Ham,Luton,3,1,Premier League,2023,Regular Season - 37,True,False,H,0.36,0.17,-0.39,-0.81
1035534,2024-05-11 14:00:00+00:00,Vitality Stadium,Bournemouth,Brentford,1,2,Premier League,2023,Regular Season - 37,False,True,A,0.36,0.25,-0.31,-0.22
1035539,2024-05-11 14:00:00+00:00,St. James' Park,Newcastle,Brighton,1,1,Premier League,2023,Regular Season - 37,,,D,0.49,0.34,0.63,-0.11
1035543,2024-05-11 14:00:00+00:00,Molineux Stadium,Wolves,Crystal Palace,1,3,Premier League,2023,Regular Season - 37,False,True,A,0.36,0.31,-0.31,-0.22
1035540,2024-05-11 16:30:00+00:00,The City Ground,Nottingham Forest,Chelsea,2,3,Premier League,2023,Regular Season - 37,False,True,A,0.22,0.43,-0.5,0.31
1035538,2024-05-12 15:30:00+00:00,Old Trafford,Manchester United,Arsenal,0,1,Premier League,2023,Regular Season - 37,False,True,A,0.46,0.72,-0.09,1.67
1035535,2024-05-13 19:00:00+00:00,Villa Park,Aston Villa,Liverpool,3,3,Premier League,2023,Regular Season - 37,,,D,0.56,0.64,0.56,1.19
1035512,2024-05-14 19:00:00+00:00,Tottenham Hotspur Stadium,Tottenham,Manchester City,0,2,Premier League,2023,Regular Season - 34,False,True,A,0.53,0.72,0.33,1.61
1035505,2024-05-15 18:45:00+00:00,American Express Stadium,Brighton,Chelsea,1,2,Premier League,2023,Regular Season - 34,False,True,A,0.33,0.44,-0.11,0.33
1035510,2024-05-15 19:00:00+00:00,Old Trafford,Manchester United,Newcastle,3,2,Premier League,2023,Regular Season - 34,True,False,H,0.44,0.47,-0.11,0.61
1035546,2024-05-19 15:00:00+00:00,American Express Stadium,Brighton,Manchester United,0,2,Premier League,2023,Regular Season - 38,False,True,A,0.32,0.46,-0.14,-0.08
1035545,2024-05-19 15:00:00+00:00,Gtech Community Stadium,Brentford,Newcastle,2,4,Premier League,2023,Regular Season - 38,False,True,A,0.27,0.46,-0.19,0.57
1035549,2024-05-19 15:00:00+00:00,Selhurst Park,Crystal Palace,Aston Villa,5,0,Premier League,2023,Regular Season - 38,True,False,H,0.32,0.54,-0.16,0.54
1035552,2024-05-19 15:00:00+00:00,Etihad Stadium,Manchester City,West Ham,3,1,Premier League,2023,Regular Season - 38,True,False,H,0.73,0.38,1.62,-0.32
1035553,2024-05-19 15:00:00+00:00,Bramall Lane,Sheffield Utd,Tottenham,0,3,Premier League,2023,Regular Season - 38,False,True,A,0.08,0.51,-1.78,0.27
1035547,2024-05-19 15:00:00+00:00,Turf Moor,Burnley,Nottingham Forest,1,2,Premier League,2023,Regular Season - 38,False,True,A,0.14,0.22,-0.97,-0.51
1035544,2024-05-19 15:00:00+00:00,Emirates Stadium,Arsenal,Everton,2,1,Premier League,2023,Regular Season - 38,True,False,H,0.73,0.35,1.65,-0.27
1035550,2024-05-19 15:00:00+00:00,Anfield,Liverpool,Wolves,2,0,Premier League,2023,Regular Season - 38,True,False,H,0.62,0.35,1.16,-0.35
1035548,2024-05-19 15:00:00+00:00,Stamford Bridge,Chelsea,Bournemouth,2,1,Premier League,2023,Regular Season - 38,True,False,H,0.46,0.35,0.35,-0.32
1035551,2024-05-19 15:00:00+00:00,Kenilworth Road,Luton,Fulham,2,4,Premier League,2023,Regular Season - 38,False,True,A,0.16,0.32,-0.84,-0.22
