fixture_id,date,venue,home_team,away_team,home_score,away_score,league,season,round,home_winner,away_winner,match_result
1035037,2023-08-11T19:00:00+00:00,Turf Moor,Burnley,Manchester City,0,3,Premier League,2023,Regular Season - 1,False,True,A
1035038,2023-08-12T11:30:00+00:00,Emirates Stadium,Arsenal,Nottingham Forest,2,1,Premier League,2023,Regular Season - 1,True,False,H
1035039,2023-08-12T14:00:00+00:00,Vitality Stadium,Bournemouth,West Ham,1,1,Premier League,2023,Regular Season - 1,,,D
1035041,2023-08-12T14:00:00+00:00,Goodison Park,Everton,Fulham,0,1,Premier League,2023,Regular Season - 1,False,True,A
1035040,2023-08-12T14:00:00+00:00,The American Express Community Stadium,Brighton,Luton,4,1,Premier League,2023,Regular Season - 1,True,False,H
1035042,2023-08-12T14:00:00+00:00,Bramall Lane,Sheffield Utd,Crystal Palace,0,1,Premier League,2023,Regular Season - 1,False,True,A
1035043,2023-08-12T16:30:00+00:00,St. James' Park,Newcastle,Aston Villa,5,1,Premier League,2023,Regular Season - 1,True,False,H
1035044,2023-08-13T13:00:00+00:00,Gtech Community Stadium,Brentford,Tottenham,2,2,Premier League,2023,Regular Season - 1,,,D
1035045,2023-08-13T15:30:00+00:00,Stamford Bridge,Chelsea,Liverpool,1,1,Premier League,2023,Regular Season - 1,,,D
1035046,2023-08-14T19:00:00+00:00,Old Trafford,Manchester United,Wolves,1,0,Premier League,2023,Regular Season - 1,True,False,H
1035053,2023-08-18T18:45:00+00:00,The City Ground,Nottingham Forest,Sheffield Utd,2,1,Premier League,2023,Regular Season - 2,True,False,H
1035049,2023-08-19T14:00:00+00:00,Craven Cottage,Fulham,Brentford,0,3,Premier League,2023,Regular Season - 2,False,True,A
1035056,2023-08-19T14:00:00+00:00,Molineux Stadium,Wolves,Brighton,1,4,Premier League,2023,Regular Season - 2,False,True,A
1035050,2023-08-19T14:00:00+00:00,Anfield,Liverpool,Bournemouth,3,1,Premier League,2023,Regular Season - 2,True,False,H
1035054,2023-08-19T16:30:00+00:00,Tottenham Hotspur Stadium,Tottenham,Manchester United,2,0,Premier League,2023,Regular Season - 2,True,False,H
1035052,2023-08-19T19:00:00+00:00,Etihad Stadium,Manchester City,Newcastle,1,0,Premier League,2023,Regular Season - 2,True,False,H
1035047,2023-08-20T13:00:00+00:00,Villa Park,Aston Villa,Everton,4,0,Premier League,2023,Regular Season - 2,True,False,H
1035055,2023-08-20T15:30:00+00:00,London Stadium,West Ham,Chelsea,3,1,Premier League,2023,Regular Season - 2,True,False,H
1035048,2023-08-21T19:00:00+00:00,Selhurst Park,Crystal Palace,Arsenal,0,1,Premier League,2023,Regular Season - 2,False,True,A
1035062,2023-08-25T19:00:00+00:00,Stamford Bridge,Chelsea,Luton,3,0,Premier League,2023,Regular Season - 3,True,False,H
1035057,2023-08-26T11:30:00+00:00,Vitality Stadium,Bournemouth,Tottenham,0,2,Premier League,2023,Regular Season - 3,False,True,A
1035064,2023-08-26T14:00:00+00:00,Old Trafford,Manchester United,Nottingham Forest,3,2,Premier League,2023,Regular Season - 3,True,False,H
1035058,2023-08-26T14:00:00+00:00,Emirates Stadium,Arsenal,Fulham,2,2,Premier League,2023,Regular Season - 3,,,D
1035063,2023-08-26T14:00:00+00:00,Goodison Park,Everton,Wolves,0,1,Premier League,2023,Regular Season - 3,False,True,A
1035059,2023-08-26T14:00:00+00:00,Gtech Community Stadium,Brentford,Crystal Palace,1,1,Premier League,2023,Regular Season - 3,,,D
1035060,2023-08-26T16:30:00+00:00,The American Express Community Stadium,Brighton,West Ham,1,3,Premier League,2023,Regular Season - 3,False,True,A
1035061,2023-08-27T13:00:00+00:00,Turf Moor,Burnley,Aston Villa,1,3,Premier League,2023,Regular Season - 3,False,True,A
1035066,2023-08-27T13:00:00+00:00,Bramall Lane,Sheffield Utd,Manchester City,1,2,Premier League,2023,Regular Season - 3,False,True,A
1035065,2023-08-27T15:30:00+00:00,St. James' Park,Newcastle,Liverpool,1,2,Premier League,2023,Regular Season - 3,False,True,A
1035074,2023-09-01T19:00:00+00:00,Kenilworth Road,Luton,West Ham,1,2,Premier League,2023,Regular Season - 4,False,True,A
1035076,2023-09-02T11:30:00+00:00,Bramall Lane,Sheffield Utd,Everton,2,2,Premier League,2023,Regular Season - 4,,,D
1035070,2023-09-02T14:00:00+00:00,Turf Moor,Burnley,Tottenham,2,5,Premier League,2023,Regular Season - 4,False,True,A
1035071,2023-09-02T14:00:00+00:00,Stamford Bridge,Chelsea,Nottingham Forest,0,1,Premier League,2023,Regular Season - 4,False,True,A
1035075,2023-09-02T14:00:00+00:00,Etihad Stadium,Manchester City,Fulham,5,1,Premier League,2023,Regular Season - 4,True,False,H
1035068,2023-09-02T14:00:00+00:00,Gtech Community Stadium,Brentford,Bournemouth,2,2,Premier League,2023,Regular Season - 4,,,D
1035069,2023-09-02T16:30:00+00:00,The American Express Community Stadium,Brighton,Newcastle,3,1,Premier League,2023,Regular Season - 4,True,False,H
1035073,2023-09-03T13:00:00+00:00,Anfield,Liverpool,Aston Villa,3,0,Premier League,2023,Regular Season - 4,True,False,H
1035072,2023-09-03T13:00:00+00:00,Selhurst Park,Crystal Palace,Wolves,3,2,Premier League,2023,Regular Season - 4,True,False,H
1035067,2023-09-03T15:30:00+00:00,Emirates Stadium,Arsenal,Manchester United,3,1,Premier League,2023,Regular Season - 4,True,False,H
1035086,2023-09-16T11:30:00+00:00,Molineux Stadium,Wolves,Liverpool,1,3,Premier League,2023,Regular Season - 5,False,True,A
1035081,2023-09-16T14:00:00+00:00,Old Trafford,Manchester United,Brighton,1,3,Premier League,2023,Regular Season - 5,False,True,A
1035080,2023-09-16T14:00:00+00:00,Craven Cottage,Fulham,Luton,1,0,Premier League,2023,Regular Season - 5,True,False,H
1035084,2023-09-16T14:00:00+00:00,Tottenham Hotspur Stadium,Tottenham,Sheffield Utd,2,1,Premier League,2023,Regular Season - 5,True,False,H
1035085,2023-09-16T14:00:00+00:00,London Stadium,West Ham,Manchester City,1,3,Premier League,2023,Regular Season - 5,False,True,A
1035078,2023-09-16T14:00:00+00:00,Villa Park,Aston Villa,Crystal Palace,3,1,Premier League,2023,Regular Season - 5,True,False,H
1035082,2023-09-16T16:30:00+00:00,St. James' Park,Newcastle,Brentford,1,0,Premier League,2023,Regular Season - 5,True,False,H
1035077,2023-09-17T13:00:00+00:00,Vitality Stadium,Bournemouth,Chelsea,0,0,Premier League,2023,Regular Season - 5,,,D
1035079,2023-09-17T15:30:00+00:00,Goodison Park,Everton,Arsenal,0,1,Premier League,2023,Regular Season - 5,False,True,A
1035083,2023-09-18T18:45:00+00:00,The City Ground,Nottingham Forest,Burnley,1,1,Premier League,2023,Regular Season - 5,,,D
1035095,2023-09-23T14:00:00+00:00,Etihad Stadium,Manchester City,Nottingham Forest,2,0,Premier League,2023,Regular Season - 6,True,False,H
1035092,2023-09-23T14:00:00+00:00,Selhurst Park,Crystal Palace,Fulham,0,0,Premier League,2023,Regular Season - 6,,,D
1035094,2023-09-23T14:00:00+00:00,Kenilworth Road,Luton,Wolves,1,1,Premier League,2023,Regular Season - 6,,,D
1035088,2023-09-23T16:30:00+00:00,Gtech Community Stadium,Brentford,Everton,1,3,Premier League,2023,Regular Season - 6,False,True,A
1035090,2023-09-23T19:00:00+00:00,Turf Moor,Burnley,Manchester United,0,1,Premier League,2023,Regular Season - 6,False,True,A
1035093,2023-09-24T13:00:00+00:00,Anfield,Liverpool,West Ham,3,1,Premier League,2023,Regular Season - 6,True,False,H
1035087,2023-09-24T13:00:00+00:00,Emirates Stadium,Arsenal,Tottenham,2,2,Premier League,2023,Regular Season - 6,,,D
1035091,2023-09-24T13:00:00+00:00,Stamford Bridge,Chelsea,Aston Villa,0,1,Premier League,2023,Regular Season - 6,False,True,A
1035089,2023-09-24T13:00:00+00:00,The American Express Community Stadium,Brighton,Bournemouth,3,1,Premier League,2023,Regular Season - 6,True,False,H
1035096,2023-09-24T15:30:00+00:00,Bramall Lane,Sheffield Utd,Newcastle,0,8,Premier League,2023,Regular Season - 6,False,True,A
1035098,2023-09-30T11:30:00+00:00,Villa Park,Aston Villa,Brighton,6,1,Premier League,2023,Regular Season - 7,True,False,H
1035101,2023-09-30T14:00:00+00:00,Old Trafford,Manchester United,Crystal Palace,0,1,Premier League,2023,Regular Season - 7,False,True,A
1035102,2023-09-30T14:00:00+00:00,St. James' Park,Newcastle,Burnley,2,0,Premier League,2023,Regular Season - 7,True,False,H
1035097,2023-09-30T14:00:00+00:00,Vitality Stadium,Bournemouth,Arsenal,0,4,Premier League,2023,Regular Season - 7,False,True,A
1035106,2023-09-30T14:00:00+00:00,Molineux Stadium,Wolves,Manchester City,2,1,Premier League,2023,Regular Season - 7,True,False,H
1035099,2023-09-30T14:00:00+00:00,Goodison Park,Everton,Luton,1,2,Premier League,2023,Regular Season - 7,False,True,A
1035105,2023-09-30T14:00:00+00:00,London Stadium,West Ham,Sheffield Utd,2,0,Premier League,2023,Regular Season - 7,True,False,H
1035104,2023-09-30T16:30:00+00:00,Tottenham Hotspur Stadium,Tottenham,Liverpool,2,1,Premier League,2023,Regular Season - 7,True,False,H
1035103,2023-10-01T13:00:00+00:00,The City Ground,Nottingham Forest,Brentford,1,1,Premier League,2023,Regular Season - 7,,,D
1035100,2023-10-02T19:00:00+00:00,Craven Cottage,Fulham,Chelsea,0,2,Premier League,2023,Regular Season - 7,False,True,A
1035051,2023-10-03T18:30:00+00:00,Kenilworth Road,Luton,Burnley,1,2,Premier League,2023,Regular Season - 2,False,True,A
1035113,2023-10-07T11:30:00+00:00,Kenilworth Road,Luton,Tottenham,0,1,Premier League,2023,Regular Season - 8,False,True,A
1035114,2023-10-07T14:00:00+00:00,Old Trafford,Manchester United,Brentford,2,1,Premier League,2023,Regular Season - 8,True,False,H
1035112,2023-10-07T14:00:00+00:00,Craven Cottage,Fulham,Sheffield Utd,3,1,Premier League,2023,Regular Season - 8,True,False,H
1035109,2023-10-07T14:00:00+00:00,Turf Moor,Burnley,Chelsea,1,4,Premier League,2023,Regular Season - 8,False,True,A
1035111,2023-10-07T14:00:00+00:00,Goodison Park,Everton,Bournemouth,3,0,Premier League,2023,Regular Season - 8,True,False,H
1035110,2023-10-07T16:30:00+00:00,Selhurst Park,Crystal Palace,Nottingham Forest,0,0,Premier League,2023,Regular Season - 8,,,D
1035116,2023-10-08T13:00:00+00:00,Molineux Stadium,Wolves,Aston Villa,1,1,Premier League,2023,Regular Season - 8,,,D
1035115,2023-10-08T13:00:00+00:00,London Stadium,West Ham,Newcastle,2,2,Premier League,2023,Regular Season - 8,,,D
1035108,2023-10-08T13:00:00+00:00,The American Express Community Stadium,Brighton,Liverpool,2,2,Premier League,2023,Regular Season - 8,,,D
1035107,2023-10-08T15:30:00+00:00,Emirates Stadium,Arsenal,Manchester City,1,0,Premier League,2023,Regular Season - 8,True,False,H
1035121,2023-10-21T11:30:00+00:00,Anfield,Liverpool,Everton,2,0,Premier League,2023,Regular Season - 9,True,False,H
1035123,2023-10-21T14:00:00+00:00,St. James' Park,Newcastle,Crystal Palace,4,0,Premier League,2023,Regular Season - 9,True,False,H
1035117,2023-10-21T14:00:00+00:00,Vitality Stadium,Bournemouth,Wolves,1,2,Premier League,2023,Regular Season - 9,False,True,A
1035122,2023-10-21T14:00:00+00:00,Etihad Stadium,Manchester City,Brighton,2,1,Premier League,2023,Regular Season - 9,True,False,H
1035119,2023-10-21T14:00:00+00:00,Gtech Community Stadium,Brentford,Burnley,3,0,Premier League,2023,Regular Season - 9,True,False,H
1035124,2023-10-21T14:00:00+00:00,The City Ground,Nottingham Forest,Luton,2,2,Premier League,2023,Regular Season - 9,,,D
1035120,2023-10-21T16:30:00+00:00,Stamford Bridge,Chelsea,Arsenal,2,2,Premier League,2023,Regular Season - 9,,,D
1035125,2023-10-21T19:00:00+00:00,Bramall Lane,Sheffield Utd,Manchester United,1,2,Premier League,2023,Regular Season - 9,False,True,A
1035118,2023-10-22T15:30:00+00:00,Villa Park,Aston Villa,West Ham,4,1,Premier League,2023,Regular Season - 9,True,False,H
1035126,2023-10-23T19:00:00+00:00,Tottenham Hotspur Stadium,Tottenham,Fulham,2,0,Premier League,2023,Regular Season - 9,True,False,H
1035132,2023-10-27T19:00:00+00:00,Selhurst Park,Crystal Palace,Tottenham,1,2,Premier League,2023,Regular Season - 10,False,True,A
1035131,2023-10-28T11:30:00+00:00,Stamford Bridge,Chelsea,Brentford,0,2,Premier League,2023,Regular Season - 10,False,True,A
1035127,2023-10-28T14:00:00+00:00,Vitality Stadium,Bournemouth,Burnley,2,1,Premier League,2023,Regular Season - 10,True,False,H
1035128,2023-10-28T14:00:00+00:00,Emirates Stadium,Arsenal,Sheffield Utd,5,0,Premier League,2023,Regular Season - 10,True,False,H
1035136,2023-10-28T16:30:00+00:00,Molineux Stadium,Wolves,Newcastle,2,2,Premier League,2023,Regular Season - 10,,,D
1035135,2023-10-29T13:00:00+00:00,London Stadium,West Ham,Everton,0,1,Premier League,2023,Regular Season - 10,False,True,A
1035133,2023-10-29T14:00:00+00:00,Anfield,Liverpool,Nottingham Forest,3,0,Premier League,2023,Regular Season - 10,True,False,H
1035130,2023-10-29T14:00:00+00:00,The American Express Community Stadium,Brighton,Fulham,1,1,Premier League,2023,Regular Season - 10,,,D
1035129,2023-10-29T14:00:00+00:00,Villa Park,Aston Villa,Luton,3,1,Premier League,2023,Regular Season - 10,True,False,H
1035134,2023-10-29T15:30:00+00:00,Old Trafford,Manchester United,Manchester City,0,3,Premier League,2023,Regular Season - 10,False,True,A
1035140,2023-11-04T12:30:00+00:00,Craven Cottage,Fulham,Manchester United,0,1,Premier League,2023,Regular Season - 11,False,True,A
1035138,2023-11-04T15:00:00+00:00,Turf Moor,Burnley,Crystal Palace,0,2,Premier League,2023,Regular Season - 11,False,True,A
1035139,2023-11-04T15:00:00+00:00,Goodison Park,Everton,Brighton,1,1,Premier League,2023,Regular Season - 11,,,D
1035142,2023-11-04T15:00:00+00:00,Etihad Stadium,Manchester City,Bournemouth,6,1,Premier League,2023,Regular Season - 11,True,False,H
1035137,2023-11-04T15:00:00+00:00,Gtech Community Stadium,Brentford,West Ham,3,2,Premier League,2023,Regular Season - 11,True,False,H
1035145,2023-11-04T15:00:00+00:00,Bramall Lane,Sheffield Utd,Wolves,2,1,Premier League,2023,Regular Season - 11,True,False,H
1035143,2023-11-04T17:30:00+00:00,St. James' Park,Newcastle,Arsenal,1,0,Premier League,2023,Regular Season - 11,True,False,H
1035144,2023-11-05T14:00:00+00:00,The City Ground,Nottingham Forest,Aston Villa,2,0,Premier League,2023,Regular Season - 11,True,False,H
1035141,2023-11-05T16:30:00+00:00,Kenilworth Road,Luton,Liverpool,1,1,Premier League,2023,Regular Season - 11,,,D
1035146,2023-11-06T20:00:00+00:00,Tottenham Hotspur Stadium,Tottenham,Chelsea,1,4,Premier League,2023,Regular Season - 11,False,True,A
1035156,2023-11-11T12:30:00+00:00,Molineux Stadium,Wolves,Tottenham,2,1,Premier League,2023,Regular Season - 12,True,False,H
1035154,2023-11-11T15:00:00+00:00,Old Trafford,Manchester United,Luton,1,0,Premier League,2023,Regular Season - 12,True,False,H
1035148,2023-11-11T15:00:00+00:00,Emirates Stadium,Arsenal,Burnley,3,1,Premier League,2023,Regular Season - 12,True,False,H
1035152,2023-11-11T15:00:00+00:00,Selhurst Park,Crystal Palace,Everton,2,3,Premier League,2023,Regular Season - 12,False,True,A
1035147,2023-11-11T17:30:00+00:00,Vitality Stadium,Bournemouth,Newcastle,2,0,Premier League,2023,Regular Season - 12,True,False,H
1035153,2023-11-12T14:00:00+00:00,Anfield,Liverpool,Brentford,3,0,Premier League,2023,Regular Season - 12,True,False,H
1035155,2023-11-12T14:00:00+00:00,London Stadium,West Ham,Nottingham Forest,3,2,Premier League,2023,Regular Season - 12,True,False,H
1035150,2023-11-12T14:00:00+00:00,The American Express Community Stadium,Brighton,Sheffield Utd,1,1,Premier League,2023,Regular Season - 12,,,D
1035149,2023-11-12T14:00:00+00:00,Villa Park,Aston Villa,Fulham,3,1,Premier League,2023,Regular Season - 12,True,False,H
1035151,2023-11-12T16:30:00+00:00,Stamford Bridge,Chelsea,Manchester City,4,4,Premier League,2023,Regular Season - 12,,,D
1035299,2023-11-25T12:30:00+00:00,Etihad Stadium,Manchester City,Liverpool,1,1,Premier League,2023,Regular Season - 13,,,D
1035300,2023-11-25T15:00:00+00:00,St. James' Park,Newcastle,Chelsea,4,1,Premier League,2023,Regular Season - 13,True,False,H
1035295,2023-11-25T15:00:00+00:00,Turf Moor,Burnley,West Ham,1,2,Premier League,2023,Regular Season - 13,False,True,A
1035302,2023-11-25T15:00:00+00:00,Bramall Lane,Sheffield Utd,Bournemouth,1,3,Premier League,2023,Regular Season - 13,False,True,A
1035301,2023-11-25T15:00:00+00:00,The City Ground,Nottingham Forest,Brighton,2,3,Premier League,2023,Regular Season - 13,False,True,A
1035298,2023-11-25T15:00:00+00:00,Kenilworth Road,Luton,Crystal Palace,2,1,Premier League,2023,Regular Season - 13,True,False,H
1035294,2023-11-25T17:30:00+00:00,Gtech Community Stadium,Brentford,Arsenal,0,1,Premier League,2023,Regular Season - 13,False,True,A
1035303,2023-11-26T14:00:00+00:00,Tottenham Hotspur Stadium,Tottenham,Aston Villa,1,2,Premier League,2023,Regular Season - 13,False,True,A
1035296,2023-11-26T16:30:00+00:00,Goodison Park,Everton,Manchester United,0,3,Premier League,2023,Regular Season - 13,False,True,A
1035297,2023-11-27T20:00:00+00:00,Craven Cottage,Fulham,Wolves,3,2,Premier League,2023,Regular Season - 13,True,False,H
1035305,2023-12-02T15:00:00+00:00,Emirates Stadium,Arsenal,Wolves,2,1,Premier League,2023,Regular Season - 14,True,False,H
1035307,2023-12-02T15:00:00+00:00,Turf Moor,Burnley,Sheffield Utd,5,0,Premier League,2023,Regular Season - 14,True,False,H
1035306,2023-12-02T15:00:00+00:00,Gtech Community Stadium,Brentford,Luton,3,1,Premier League,2023,Regular Season - 14,True,False,H
1035312,2023-12-02T17:30:00+00:00,The City Ground,Nottingham Forest,Everton,0,1,Premier League,2023,Regular Season - 14,False,True,A
1035311,2023-12-02T20:00:00+00:00,St. James' Park,Newcastle,Manchester United,1,0,Premier League,2023,Regular Season - 14,True,False,H
1035304,2023-12-03T14:00:00+00:00,Vitality Stadium,Bournemouth,Aston Villa,2,2,Premier League,2023,Regular Season - 14,,,D
1035309,2023-12-03T14:00:00+00:00,Anfield,Liverpool,Fulham,4,3,Premier League,2023,Regular Season - 14,True,False,H
1035313,2023-12-03T14:00:00+00:00,London Stadium,West Ham,Crystal Palace,1,1,Premier League,2023,Regular Season - 14,,,D
1035308,2023-12-03T14:00:00+00:00,Stamford Bridge,Chelsea,Brighton,3,2,Premier League,2023,Regular Season - 14,True,False,H
1035310,2023-12-03T16:30:00+00:00,Etihad Stadium,Manchester City,Tottenham,3,3,Premier League,2023,Regular Season - 14,,,D
1035321,2023-12-05T19:30:00+00:00,Molineux Stadium,Wolves,Burnley,1,0,Premier League,2023,Regular Season - 15,True,False,H
1035318,2023-12-05T20:15:00+00:00,Kenilworth Road,Luton,Arsenal,3,4,Premier League,2023,Regular Season - 15,False,True,A
1035317,2023-12-06T19:30:00+00:00,Craven Cottage,Fulham,Nottingham Forest,5,0,Premier League,2023,Regular Season - 15,True,False,H
1035315,2023-12-06T19:30:00+00:00,The American Express Community Stadium,Brighton,Brentford,2,1,Premier League,2023,Regular Season - 15,True,False,H
1035322,2023-12-06T19:30:00+00:00,Selhurst Park,Crystal Palace,Bournemouth,0,2,Premier League,2023,Regular Season - 15,False,True,A
1035319,2023-12-06T19:30:00+00:00,Bramall Lane,Sheffield Utd,Liverpool,0,2,Premier League,2023,Regular Season - 15,False,True,A
1035323,2023-12-06T20:15:00+00:00,Old Trafford,Manchester United,Chelsea,2,1,Premier League,2023,Regular Season - 15,True,False,H
1035314,2023-12-06T20:15:00+00:00,Villa Park,Aston Villa,Manchester City,1,0,Premier League,2023,Regular Season - 15,True,False,H
1035316,2023-12-07T19:30:00+00:00,Goodison Park,Everton,Newcastle,3,0,Premier League,2023,Regular Season - 15,True,False,H
1035320,2023-12-07T20:15:00+00:00,Tottenham Hotspur Stadium,Tottenham,West Ham,1,2,Premier League,2023,Regular Season - 15,False,True,A
1035326,2023-12-09T12:30:00+00:00,Selhurst Park,Crystal Palace,Liverpool,1,2,Premier League,2023,Regular Season - 16,False,True,A
1035330,2023-12-09T15:00:00+00:00,Old Trafford,Manchester United,Bournemouth,0,3,Premier League,2023,Regular Season - 16,False,True,A
1035333,2023-12-09T15:00:00+00:00,Molineux Stadium,Wolves,Nottingham Forest,1,1,Premier League,2023,Regular Season - 16,,,D
1035325,2023-12-09T15:00:00+00:00,The American Express Community Stadium,Brighton,Burnley,1,1,Premier League,2023,Regular Season - 16,,,D
1035331,2023-12-09T15:00:00+00:00,Bramall Lane,Sheffield Utd,Brentford,1,0,Premier League,2023,Regular Season - 16,True,False,H
1035324,2023-12-09T17:30:00+00:00,Villa Park,Aston Villa,Arsenal,1,0,Premier League,2023,Regular Season - 16,True,False,H
1035328,2023-12-10T14:00:00+00:00,Craven Cottage,Fulham,West Ham,5,0,Premier League,2023,Regular Season - 16,True,False,H
1035327,2023-12-10T14:00:00+00:00,Goodison Park,Everton,Chelsea,2,0,Premier League,2023,Regular Season - 16,True,False,H
1035329,2023-12-10T14:00:00+00:00,Kenilworth Road,Luton,Manchester City,1,2,Premier League,2023,Regular Season - 16,False,True,A
1035332,2023-12-10T16:30:00+00:00,Tottenham Hotspur Stadium,Tottenham,Newcastle,4,1,Premier League,2023,Regular Season - 16,True,False,H
1035342,2023-12-15T20:00:00+00:00,The City Ground,Nottingham Forest,Tottenham,0,2,Premier League,2023,Regular Season - 17,False,True,A
1035341,2023-12-16T15:00:00+00:00,St. James' Park,Newcastle,Fulham,3,0,Premier League,2023,Regular Season - 17,True,False,H
1035338,2023-12-16T15:00:00+00:00,Stamford Bridge,Chelsea,Sheffield Utd,2,0,Premier League,2023,Regular Season - 17,True,False,H
1035340,2023-12-16T15:00:00+00:00,Etihad Stadium,Manchester City,Crystal Palace,2,2,Premier League,2023,Regular Season - 17,,,D
1035337,2023-12-16T17:30:00+00:00,Turf Moor,Burnley,Everton,0,2,Premier League,2023,Regular Season - 17,False,True,A
1035335,2023-12-17T14:00:00+00:00,Emirates Stadium,Arsenal,Brighton,2,0,Premier League,2023,Regular Season - 17,True,False,H
1035343,2023-12-17T14:00:00+00:00,London Stadium,West Ham,Wolves,3,0,Premier League,2023,Regular Season - 17,True,False,H
1035336,2023-12-17T14:00:00+00:00,Gtech Community Stadium,Brentford,Aston Villa,1,2,Premier League,2023,Regular Season - 17,False,True,A
1035339,2023-12-17T16:30:00+00:00,Anfield,Liverpool,Manchester United,0,0,Premier League,2023,Regular Season - 17,,,D
1035345,2023-12-21T20:00:00+00:00,Selhurst Park,Crystal Palace,Brighton,1,1,Premier League,2023,Regular Season - 18,,,D
1035344,2023-12-22T20:00:00+00:00,Villa Park,Aston Villa,Sheffield Utd,1,1,Premier League,2023,Regular Season - 18,,,D
1035352,2023-12-23T12:30:00+00:00,London Stadium,West Ham,Manchester United,2,0,Premier League,2023,Regular Season - 18,True,False,H
1035346,2023-12-23T15:00:00+00:00,Craven Cottage,Fulham,Burnley,0,2,Premier League,2023,Regular Season - 18,False,True,A
1035351,2023-12-23T15:00:00+00:00,Tottenham Hotspur Stadium,Tottenham,Everton,2,1,Premier League,2023,Regular Season - 18,True,False,H
1035350,2023-12-23T15:00:00+00:00,The City Ground,Nottingham Forest,Bournemouth,2,3,Premier League,2023,Regular Season - 18,False,True,A
1035348,2023-12-23T15:00:00+00:00,Kenilworth Road,Luton,Newcastle,1,0,Premier League,2023,Regular Season - 18,True,False,H
1035347,2023-12-23T17:30:00+00:00,Anfield,Liverpool,Arsenal,1,1,Premier League,2023,Regular Season - 18,,,D
1035353,2023-12-24T13:00:00+00:00,Molineux Stadium,Wolves,Chelsea,2,1,Premier League,2023,Regular Season - 18,True,False,H
1035362,2023-12-26T12:30:00+00:00,St. James' Park,Newcastle,Nottingham Forest,1,3,Premier League,2023,Regular Season - 19,False,True,A
1035354,2023-12-26T15:00:00+00:00,Vitality Stadium,Bournemouth,Fulham,3,0,Premier League,2023,Regular Season - 19,True,False,H
1035363,2023-12-26T15:00:00+00:00,Bramall Lane,Sheffield Utd,Luton,2,3,Premier League,2023,Regular Season - 19,False,True,A
1035358,2023-12-26T17:30:00+00:00,Turf Moor,Burnley,Liverpool,0,2,Premier League,2023,Regular Season - 19,False,True,A
1035361,2023-12-26T20:00:00+00:00,Old Trafford,Manchester United,Aston Villa,3,2,Premier League,2023,Regular Season - 19,True,False,H
1035359,2023-12-27T19:30:00+00:00,Stamford Bridge,Chelsea,Crystal Palace,2,1,Premier League,2023,Regular Season - 19,True,False,H
1035356,2023-12-27T19:30:00+00:00,Gtech Community Stadium,Brentford,Wolves,1,4,Premier League,2023,Regular Season - 19,False,True,A
1035360,2023-12-27T20:15:00+00:00,Goodison Park,Everton,Manchester City,1,3,Premier League,2023,Regular Season - 19,False,True,A
1035357,2023-12-28T19:30:00+00:00,American Express Stadium,Brighton,Tottenham,4,2,Premier League,2023,Regular Season - 19,True,False,H
1035355,2023-12-28T20:15:00+00:00,Emirates Stadium,Arsenal,West Ham,0,2,Premier League,2023,Regular Season - 19,False,True,A
1035368,2023-12-30T12:30:00+00:00,Kenilworth Road,Luton,Chelsea,2,3,Premier League,2023,Regular Season - 20,False,True,A
1035373,2023-12-30T15:00:00+00:00,Molineux Stadium,Wolves,Everton,3,0,Premier League,2023,Regular Season - 20,True,False,H
1035369,2023-12-30T15:00:00+00:00,Etihad Stadium,Manchester City,Sheffield Utd,2,0,Premier League,2023,Regular Season - 20,True,False,H
1035365,2023-12-30T15:00:00+00:00,Selhurst Park,Crystal Palace,Brentford,3,1,Premier League,2023,Regular Season - 20,True,False,H
1035364,2023-12-30T15:00:00+00:00,Villa Park,Aston Villa,Burnley,3,2,Premier League,2023,Regular Season - 20,True,False,H
1035370,2023-12-30T17:30:00+00:00,The City Ground,Nottingham Forest,Manchester United,2,1,Premier League,2023,Regular Season - 20,True,False,H
1035366,2023-12-31T14:00:00+00:00,Craven Cottage,Fulham,Arsenal,2,1,Premier League,2023,Regular Season - 20,True,False,H
1035371,2023-12-31T14:00:00+00:00,Tottenham Hotspur Stadium,Tottenham,Bournemouth,3,1,Premier League,2023,Regular Season - 20,True,False,H
1035367,2024-01-01T20:00:00+00:00,Anfield,Liverpool,Newcastle,4,2,Premier League,2023,Regular Season - 20,True,False,H
1035372,2024-01-02T19:30:00+00:00,London Stadium,West Ham,Brighton,0,0,Premier League,2023,Regular Season - 20,,,D
1035378,2024-01-12T19:45:00+00:00,Turf Moor,Burnley,Luton,1,1,Premier League,2023,Regular Season - 21,,,D
1035379,2024-01-13T12:30:00+00:00,Stamford Bridge,Chelsea,Fulham,1,0,Premier League,2023,Regular Season - 21,True,False,H
1035382,2024-01-13T17:30:00+00:00,St. James' Park,Newcastle,Manchester City,2,3,Premier League,2023,Regular Season - 21,False,True,A
1035380,2024-01-14T14:00:00+00:00,Goodison Park,Everton,Aston Villa,0,0,Premier League,2023,Regular Season - 21,,,D
1035381,2024-01-14T16:30:00+00:00,Old Trafford,Manchester United,Tottenham,2,2,Premier League,2023,Regular Season - 21,,,D
1035375,2024-01-20T12:30:00+00:00,Emirates Stadium,Arsenal,Crystal Palace,5,0,Premier League,2023,Regular Season - 21,True,False,H
1035376,2024-01-20T17:30:00+00:00,Gtech Community Stadium,Brentford,Nottingham Forest,3,2,Premier League,2023,Regular Season - 21,True,False,H
1035383,2024-01-21T14:00:00+00:00,Bramall Lane,Sheffield Utd,West Ham,2,2,Premier League,2023,Regular Season - 21,,,D
1035374,2024-01-21T16:30:00+00:00,Vitality Stadium,Bournemouth,Liverpool,0,4,Premier League,2023,Regular Season - 21,False,True,A
1035377,2024-01-22T19:45:00+00:00,American Express Stadium,Brighton,Wolves,0,0,Premier League,2023,Regular Season - 21,,,D
1035387,2024-01-30T19:30:00+00:00,The City Ground,Nottingham Forest,Arsenal,1,2,Premier League,2023,Regular Season - 22,False,True,A
1035385,2024-01-30T19:45:00+00:00,Craven Cottage,Fulham,Everton,0,0,Premier League,2023,Regular Season - 22,,,D
1035386,2024-01-30T19:45:00+00:00,Kenilworth Road,Luton,Brighton,4,0,Premier League,2023,Regular Season - 22,True,False,H
1035391,2024-01-30T20:00:00+00:00,Selhurst Park,Crystal Palace,Sheffield Utd,3,2,Premier League,2023,Regular Season - 22,True,False,H
1035384,2024-01-30T20:15:00+00:00,Villa Park,Aston Villa,Newcastle,1,3,Premier League,2023,Regular Season - 22,False,True,A
1035388,2024-01-31T19:30:00+00:00,Tottenham Hotspur Stadium,Tottenham,Brentford,3,2,Premier League,2023,Regular Season - 22,True,False,H
1035393,2024-01-31T19:30:00+00:00,Etihad Stadium,Manchester City,Burnley,3,1,Premier League,2023,Regular Season - 22,True,False,H
1035392,2024-01-31T20:15:00+00:00,Anfield,Liverpool,Chelsea,4,1,Premier League,2023,Regular Season - 22,True,False,H
1035389,2024-02-01T19:30:00+00:00,London Stadium,West Ham,Bournemouth,1,1,Premier League,2023,Regular Season - 22,,,D
1035390,2024-02-01T20:15:00+00:00,Molineux Stadium,Wolves,Manchester United,3,4,Premier League,2023,Regular Season - 22,False,True,A
1035400,2024-02-03T12:30:00+00:00,Goodison Park,Everton,Tottenham,2,2,Premier League,2023,Regular Season - 23,,,D
1035402,2024-02-03T15:00:00+00:00,St. James' Park,Newcastle,Luton,4,4,Premier League,2023,Regular Season - 23,,,D
1035398,2024-02-03T15:00:00+00:00,Turf Moor,Burnley,Fulham,2,2,Premier League,2023,Regular Season - 23,,,D
1035397,2024-02-03T15:00:00+00:00,American Express Stadium,Brighton,Crystal Palace,4,1,Premier League,2023,Regular Season - 23,True,False,H
1035403,2024-02-03T17:30:00+00:00,Bramall Lane,Sheffield Utd,Aston Villa,0,5,Premier League,2023,Regular Season - 23,False,True,A
1035401,2024-02-04T14:00:00+00:00,Old Trafford,Manchester United,West Ham,3,0,Premier League,2023,Regular Season - 23,True,False,H
1035394,2024-02-04T14:00:00+00:00,Vitality Stadium,Bournemouth,Nottingham Forest,1,1,Premier League,2023,Regular Season - 23,,,D
1035399,2024-02-04T14:00:00+00:00,Stamford Bridge,Chelsea,Wolves,2,4,Premier League,2023,Regular Season - 23,False,True,A
1035395,2024-02-04T16:30:00+00:00,Emirates Stadium,Arsenal,Liverpool,3,1,Premier League,2023,Regular Season - 23,True,False,H
1035396,2024-02-05T20:00:00+00:00,Gtech Community Stadium,Brentford,Manchester City,1,3,Premier League,2023,Regular Season - 23,False,True,A
1035409,2024-02-10T12:30:00+00:00,Etihad Stadium,Manchester City,Everton,2,0,Premier League,2023,Regular Season - 24,True,False,H
1035406,2024-02-10T15:00:00+00:00,Craven Cottage,Fulham,Bournemouth,3,1,Premier League,2023,Regular Season - 24,True,False,H
1035413,2024-02-10T15:00:00+00:00,Molineux Stadium,Wolves,Brentford,0,2,Premier League,2023,Regular Season - 24,False,True,A
1035407,2024-02-10T15:00:00+00:00,Anfield,Liverpool,Burnley,3,1,Premier League,2023,Regular Season - 24,True,False,H
1035411,2024-02-10T15:00:00+00:00,Tottenham Hotspur Stadium,Tottenham,Brighton,2,1,Premier League,2023,Regular Season - 24,True,False,H
1035408,2024-02-10T15:00:00+00:00,Kenilworth Road,Luton,Sheffield Utd,1,3,Premier League,2023,Regular Season - 24,False,True,A
1035410,2024-02-10T17:30:00+00:00,The City Ground,Nottingham Forest,Newcastle,2,3,Premier League,2023,Regular Season - 24,False,True,A
1035412,2024-02-11T14:00:00+00:00,London Stadium,West Ham,Arsenal,0,6,Premier League,2023,Regular Season - 24,False,True,A
1035404,2024-02-11T16:30:00+00:00,Villa Park,Aston Villa,Manchester United,1,2,Premier League,2023,Regular Season - 24,False,True,A
1035405,2024-02-12T20:00:00+00:00,Selhurst Park,Crystal Palace,Chelsea,1,3,Premier League,2023,Regular Season - 24,False,True,A
1035414,2024-02-17T12:30:00+00:00,Gtech Community Stadium,Brentford,Liverpool,1,4,Premier League,2023,Regular Season - 25,False,True,A
1035420,2024-02-17T15:00:00+00:00,St. James' Park,Newcastle,Bournemouth,2,2,Premier League,2023,Regular Season - 25,,,D
1035417,2024-02-17T15:00:00+00:00,Craven Cottage,Fulham,Aston Villa,1,2,Premier League,2023,Regular Season - 25,False,True,A
1035415,2024-02-17T15:00:00+00:00,Turf Moor,Burnley,Arsenal,0,5,Premier League,2023,Regular Season - 25,False,True,A
1035423,2024-02-17T15:00:00+00:00,Tottenham Hotspur Stadium,Tottenham,Wolves,1,2,Premier League,2023,Regular Season - 25,False,True,A
1035421,2024-02-17T15:00:00+00:00,The City Ground,Nottingham Forest,West Ham,2,0,Premier League,2023,Regular Season - 25,True,False,H
1035419,2024-02-17T17:30:00+00:00,Etihad Stadium,Manchester City,Chelsea,1,1,Premier League,2023,Regular Season - 25,,,D
1035422,2024-02-18T14:00:00+00:00,Bramall Lane,Sheffield Utd,Brighton,0,5,Premier League,2023,Regular Season - 25,False,True,A
1035418,2024-02-18T16:30:00+00:00,Kenilworth Road,Luton,Manchester United,1,2,Premier League,2023,Regular Season - 25,False,True,A
1035416,2024-02-19T20:00:00+00:00,Goodison Park,Everton,Crystal Palace,1,1,Premier League,2023,Regular Season - 25,,,D
1035349,2024-02-20T19:30:00+00:00,Etihad Stadium,Manchester City,Brentford,1,0,Premier League,2023,Regular Season - 18,True,False,H
1035430,2024-02-21T19:30:00+00:00,Anfield,Liverpool,Luton,4,1,Premier League,2023,Regular Season - 26,True,False,H
1035431,2024-02-24T15:00:00+00:00,Old Trafford,Manchester United,Fulham,1,2,Premier League,2023,Regular Season - 26,False,True,A
1035427,2024-02-24T15:00:00+00:00,American Express Stadium,Brighton,Everton,1,1,Premier League,2023,Regular Season - 26,,,D
1035429,2024-02-24T15:00:00+00:00,Selhurst Park,Crystal Palace,Burnley,3,0,Premier League,2023,Regular Season - 26,True,False,H
1035426,2024-02-24T15:00:00+00:00,Villa Park,Aston Villa,Nottingham Forest,4,2,Premier League,2023,Regular Season - 26,True,False,H
1035424,2024-02-24T17:30:00+00:00,Vitality Stadium,Bournemouth,Manchester City,0,1,Premier League,2023,Regular Season - 26,False,True,A
1035425,2024-02-24T20:00:00+00:00,Emirates Stadium,Arsenal,Newcastle,4,1,Premier League,2023,Regular Season - 26,True,False,H
1035433,2024-02-25T13:30:00+00:00,Molineux Stadium,Wolves,Sheffield Utd,1,0,Premier League,2023,Regular Season - 26,True,False,H
1035432,2024-02-26T20:00:00+00:00,London Stadium,West Ham,Brentford,4,2,Premier League,2023,Regular Season - 26,True,False,H
1035440,2024-03-02T15:00:00+00:00,St. James' Park,Newcastle,Wolves,3,0,Premier League,2023,Regular Season - 27,True,False,H
1035437,2024-03-02T15:00:00+00:00,Craven Cottage,Fulham,Brighton,3,0,Premier League,2023,Regular Season - 27,True,False,H
1035436,2024-03-02T15:00:00+00:00,Goodison Park,Everton,West Ham,1,3,Premier League,2023,Regular Season - 27,False,True,A
1035443,2024-03-02T15:00:00+00:00,Tottenham Hotspur Stadium,Tottenham,Crystal Palace,3,1,Premier League,2023,Regular Season - 27,True,False,H
1035434,2024-03-02T15:00:00+00:00,Gtech Community Stadium,Brentford,Chelsea,2,2,Premier League,2023,Regular Season - 27,,,D
1035441,2024-03-02T15:00:00+00:00,The City Ground,Nottingham Forest,Liverpool,0,1,Premier League,2023,Regular Season - 27,False,True,A
1035438,2024-03-02T17:30:00+00:00,Kenilworth Road,Luton,Aston Villa,2,3,Premier League,2023,Regular Season - 27,False,True,A
1035435,2024-03-03T13:00:00+00:00,Turf Moor,Burnley,Bournemouth,0,2,Premier League,2023,Regular Season - 27,False,True,A
1035439,2024-03-03T15:30:00+00:00,Etihad Stadium,Manchester City,Manchester United,3,1,Premier League,2023,Regular Season - 27,True,False,H
1035442,2024-03-04T20:00:00+00:00,Bramall Lane,Sheffield Utd,Arsenal,0,6,Premier League,2023,Regular Season - 27,False,True,A
1035451,2024-03-09T12:30:00+00:00,Old Trafford,Manchester United,Everton,2,0,Premier League,2023,Regular Season - 28,True,False,H
1035444,2024-03-09T15:00:00+00:00,Vitality Stadium,Bournemouth,Sheffield Utd,2,2,Premier League,2023,Regular Season - 28,,,D
1035453,2024-03-09T15:00:00+00:00,Molineux Stadium,Wolves,Fulham,2,1,Premier League,2023,Regular Season - 28,True,False,H
1035449,2024-03-09T15:00:00+00:00,Selhurst Park,Crystal Palace,Luton,1,1,Premier League,2023,Regular Season - 28,,,D
1035445,2024-03-09T17:30:00+00:00,Emirates Stadium,Arsenal,Brentford,2,1,Premier League,2023,Regular Season - 28,True,False,H
1035446,2024-03-10T13:00:00+00:00,Villa Park,Aston Villa,Tottenham,0,4,Premier League,2023,Regular Season - 28,False,True,A
1035452,2024-03-10T14:00:00+00:00,London Stadium,West Ham,Burnley,2,2,Premier League,2023,Regular Season - 28,,,D
1035447,2024-03-10T14:00:00+00:00,American Express Stadium,Brighton,Nottingham Forest,1,0,Premier League,2023,Regular Season - 28,True,False,H
1035450,2024-03-10T15:45:00+00:00,Anfield,Liverpool,Manchester City,1,1,Premier League,2023,Regular Season - 28,,,D
1035448,2024-03-11T20:00:00+00:00,Stamford Bridge,Chelsea,Newcastle,3,2,Premier League,2023,Regular Season - 28,True,False,H
1035334,2024-03-13T19:30:00+00:00,Vitality Stadium,Bournemouth,Luton,4,3,Premier League,2023,Regular Season - 17,True,False,H
1035456,2024-03-16T15:00:00+00:00,Turf Moor,Burnley,Brentford,2,1,Premier League,2023,Regular Season - 29,True,False,H
1035460,2024-03-16T15:00:00+00:00,Kenilworth Road,Luton,Nottingham Forest,1,1,Premier League,2023,Regular Season - 29,,,D
1035459,2024-03-16T17:30:00+00:00,Craven Cottage,Fulham,Tottenham,3,0,Premier League,2023,Regular Season - 29,True,False,H
1035462,2024-03-17T14:00:00+00:00,London Stadium,West Ham,Aston Villa,1,1,Premier League,2023,Regular Season - 29,,,D
1035470,2024-03-30T12:30:00+00:00,St. James' Park,Newcastle,West Ham,4,3,Premier League,2023,Regular Season - 30,True,False,H
1035464,2024-03-30T15:00:00+00:00,Vitality Stadium,Bournemouth,Everton,2,1,Premier League,2023,Regular Season - 30,True,False,H
1035473,2024-03-30T15:00:00+00:00,Tottenham Hotspur Stadium,Tottenham,Luton,2,1,Premier League,2023,Regular Season - 30,True,False,H
1035467,2024-03-30T15:00:00+00:00,Stamford Bridge,Chelsea,Burnley,2,2,Premier League,2023,Regular Season - 30,,,D
1035472,2024-03-30T15:00:00+00:00,Bramall Lane,Sheffield Utd,Fulham,3,3,Premier League,2023,Regular Season - 30,,,D
1035471,2024-03-30T15:00:00+00:00,The City Ground,Nottingham Forest,Crystal Palace,1,1,Premier League,2023,Regular Season - 30,,,D
1035465,2024-03-30T17:30:00+00:00,Villa Park,Aston Villa,Wolves,2,0,Premier League,2023,Regular Season - 30,True,False,H
1035466,2024-03-30T20:00:00+00:00,Gtech Community Stadium,Brentford,Manchester United,1,1,Premier League,2023,Regular Season - 30,,,D
1035468,2024-03-31T13:00:00+00:00,Anfield,Liverpool,Brighton,2,1,Premier League,2023,Regular Season - 30,True,False,H
1035469,2024-03-31T15:30:00+00:00,Etihad Stadium,Manchester City,Arsenal,0,0,Premier League,2023,Regular Season - 30,,,D
1035481,2024-04-02T18:30:00+00:00,St. James' Park,Newcastle,Everton,1,1,Premier League,2023,Regular Season - 31,,,D
1035478,2024-04-02T18:30:00+00:00,The City Ground,Nottingham Forest,Fulham,3,1,Premier League,2023,Regular Season - 31,True,False,H
1035474,2024-04-02T18:45:00+00:00,Vitality Stadium,Bournemouth,Crystal Palace,1,0,Premier League,2023,Regular Season - 31,True,False,H
1035477,2024-04-02T18:45:00+00:00,Turf Moor,Burnley,Wolves,1,1,Premier League,2023,Regular Season - 31,,,D
1035479,2024-04-02T19:15:00+00:00,London Stadium,West Ham,Tottenham,1,1,Premier League,2023,Regular Season - 31,,,D
1035475,2024-04-03T18:30:00+00:00,Emirates Stadium,Arsenal,Luton,2,0,Premier League,2023,Regular Season - 31,True,False,H
1035476,2024-04-03T18:30:00+00:00,Gtech Community Stadium,Brentford,Brighton,0,0,Premier League,2023,Regular Season - 31,,,D
1035483,2024-04-03T19:15:00+00:00,Etihad Stadium,Manchester City,Aston Villa,4,1,Premier League,2023,Regular Season - 31,True,False,H
1035482,2024-04-04T18:30:00+00:00,Anfield,Liverpool,Sheffield Utd,3,1,Premier League,2023,Regular Season - 31,True,False,H
1035480,2024-04-04T19:15:00+00:00,Stamford Bridge,Chelsea,Manchester United,4,3,Premier League,2023,Regular Season - 31,True,False,H
1035486,2024-04-06T11:30:00+00:00,Selhurst Park,Crystal Palace,Manchester City,2,4,Premier League,2023,Regular Season - 32,False,True,A
1035488,2024-04-06T14:00:00+00:00,Craven Cottage,Fulham,Newcastle,0,1,Premier League,2023,Regular Season - 32,False,True,A
1035493,2024-04-06T14:00:00+00:00,Molineux Stadium,Wolves,West Ham,1,2,Premier League,2023,Regular Season - 32,False,True,A
1035487,2024-04-06T14:00:00+00:00,Goodison Park,Everton,Burnley,1,0,Premier League,2023,Regular Season - 32,True,False,H
1035484,2024-04-06T14:00:00+00:00,Villa Park,Aston Villa,Brentford,3,3,Premier League,2023,Regular Season - 32,,,D
1035489,2024-04-06T14:00:00+00:00,Kenilworth Road,Luton,Bournemouth,2,1,Premier League,2023,Regular Season - 32,True,False,H
1035485,2024-04-06T16:30:00+00:00,American Express Stadium,Brighton,Arsenal,0,3,Premier League,2023,Regular Season - 32,False,True,A
1035490,2024-04-07T14:30:00+00:00,Old Trafford,Manchester United,Liverpool,2,2,Premier League,2023,Regular Season - 32,,,D
1035491,2024-04-07T16:30:00+00:00,Bramall Lane,Sheffield Utd,Chelsea,2,2,Premier League,2023,Regular Season - 32,,,D
1035492,2024-04-07T17:00:00+00:00,Tottenham Hotspur Stadium,Tottenham,Nottingham Forest,3,1,Premier League,2023,Regular Season - 32,True,False,H
1035501,2024-04-13T11:30:00+00:00,St. James' Park,Newcastle,Tottenham,4,0,Premier League,2023,Regular Season - 33,True,False,H
1035497,2024-04-13T14:00:00+00:00,Turf Moor,Burnley,Brighton,1,1,Premier League,2023,Regular Season - 33,,,D
1035500,2024-04-13T14:00:00+00:00,Etihad Stadium,Manchester City,Luton,5,1,Premier League,2023,Regular Season - 33,True,False,H
1035496,2024-04-13T14:00:00+00:00,Gtech Community Stadium,Brentford,Sheffield Utd,2,0,Premier League,2023,Regular Season - 33,True,False,H
1035502,2024-04-13T14:00:00+00:00,The City Ground,Nottingham Forest,Wolves,2,2,Premier League,2023,Regular Season - 33,,,D
1035494,2024-04-13T16:30:00+00:00,Vitality Stadium,Bournemouth,Manchester United,2,2,Premier League,2023,Regular Season - 33,,,D
1035499,2024-04-14T13:00:00+00:00,Anfield,Liverpool,Crystal Palace,0,1,Premier League,2023,Regular Season - 33,False,True,A
1035503,2024-04-14T13:00:00+00:00,London Stadium,West Ham,Fulham,0,2,Premier League,2023,Regular Season - 33,False,True,A
1035495,2024-04-14T15:30:00+00:00,Emirates Stadium,Arsenal,Aston Villa,0,2,Premier League,2023,Regular Season - 33,False,True,A
1035498,2024-04-15T19:00:00+00:00,Stamford Bridge,Chelsea,Everton,6,0,Premier League,2023,Regular Season - 33,True,False,H
1035511,2024-04-20T14:00:00+00:00,Bramall Lane,Sheffield Utd,Burnley,1,4,Premier League,2023,Regular Season - 34,False,True,A
1035509,2024-04-20T14:00:00+00:00,Kenilworth Road,Luton,Brentford,1,5,Premier League,2023,Regular Season - 34,False,True,A
1035513,2024-04-20T18:30:00+00:00,Molineux Stadium,Wolves,Arsenal,0,2,Premier League,2023,Regular Season - 34,False,True,A
1035507,2024-04-21T12:30:00+00:00,Goodison Park,Everton,Nottingham Forest,2,0,Premier League,2023,Regular Season - 34,True,False,H
1035506,2024-04-21T14:00:00+00:00,Selhurst Park,Crystal Palace,West Ham,5,2,Premier League,2023,Regular Season - 34,True,False,H
1035504,2024-04-21T14:00:00+00:00,Villa Park,Aston Villa,Bournemouth,3,1,Premier League,2023,Regular Season - 34,True,False,H
1035508,2024-04-21T15:30:00+00:00,Craven Cottage,Fulham,Liverpool,1,3,Premier League,2023,Regular Season - 34,False,True,A
1035454,2024-04-23T19:00:00+00:00,Emirates Stadium,Arsenal,Chelsea,5,0,Premier League,2023,Regular Season - 29,True,False,H
1035463,2024-04-24T18:45:00+00:00,Molineux Stadium,Wolves,Bournemouth,0,1,Premier League,2023,Regular Season - 29,False,True,A
1035461,2024-04-24T19:00:00+00:00,Old Trafford,Manchester United,Sheffield Utd,4,2,Premier League,2023,Regular Season - 29,True,False,H
1035458,2024-04-24T19:00:00+00:00,Goodison Park,Everton,Liverpool,2,0,Premier League,2023,Regular Season - 29,True,False,H
1035457,2024-04-24T19:00:00+00:00,Selhurst Park,Crystal Palace,Newcastle,2,0,Premier League,2023,Regular Season - 29,True,False,H
1035455,2024-04-25T19:00:00+00:00,American Express Stadium,Brighton,Manchester City,0,4,Premier League,2023,Regular Season - 29,False,True,A
1035522,2024-04-27T11:30:00+00:00,London Stadium,West Ham,Liverpool,2,2,Premier League,2023,Regular Season - 35,,,D
1035518,2024-04-27T14:00:00+00:00,Old Trafford,Manchester United,Burnley,1,1,Premier League,2023,Regular Season - 35,,,D
1035519,2024-04-27T14:00:00+00:00,St. James' Park,Newcastle,Sheffield Utd,5,1,Premier League,2023,Regular Season - 35,True,False,H
1035517,2024-04-27T14:00:00+00:00,Craven Cottage,Fulham,Crystal Palace,1,1,Premier League,2023,Regular Season - 35,,,D
1035523,2024-04-27T14:00:00+00:00,Molineux Stadium,Wolves,Luton,2,1,Premier League,2023,Regular Season - 35,True,False,H
1035516,2024-04-27T16:30:00+00:00,Goodison Park,Everton,Brentford,1,0,Premier League,2023,Regular Season - 35,True,False,H
1035515,2024-04-27T19:00:00+00:00,Villa Park,Aston Villa,Chelsea,2,2,Premier League,2023,Regular Season - 35,,,D
1035514,2024-04-28T13:00:00+00:00,Vitality Stadium,Bournemouth,Brighton,3,0,Premier League,2023,Regular Season - 35,True,False,H
1035521,2024-04-28T13:00:00+00:00,Tottenham Hotspur Stadium,Tottenham,Arsenal,2,3,Premier League,2023,Regular Season - 35,False,True,A
1035520,2024-04-28T15:30:00+00:00,The City Ground,Nottingham Forest,Manchester City,0,2,Premier League,2023,Regular Season - 35,False,True,A
1035428,2024-05-02T18:30:00+00:00,Stamford Bridge,Chelsea,Tottenham,2,0,Premier League,2023,Regular Season - 26,True,False,H
1035531,2024-05-03T19:00:00+00:00,Kenilworth Road,Luton,Everton,1,1,Premier League,2023,Regular Season - 36,,,D
1035524,2024-05-04T11:30:00+00:00,Emirates Stadium,Arsenal,Bournemouth,3,0,Premier League,2023,Regular Season - 36,True,False,H
1035527,2024-05-04T14:00:00+00:00,Turf Moor,Burnley,Newcastle,1,4,Premier League,2023,Regular Season - 36,False,True,A
1035525,2024-05-04T14:00:00+00:00,Gtech Community Stadium,Brentford,Fulham,0,0,Premier League,2023,Regular Season - 36,,,D
1035533,2024-05-04T14:00:00+00:00,Bramall Lane,Sheffield Utd,Nottingham Forest,1,3,Premier League,2023,Regular Season - 36,False,True,A
1035532,2024-05-04T16:30:00+00:00,Etihad Stadium,Manchester City,Wolves,5,1,Premier League,2023,Regular Season - 36,True,False,H
1035528,2024-05-05T13:00:00+00:00,Stamford Bridge,Chelsea,West Ham,5,0,Premier League,2023,Regular Season - 36,True,False,H
1035526,2024-05-05T13:00:00+00:00,American Express Stadium,Brighton,Aston Villa,1,0,Premier League,2023,Regular Season - 36,True,False,H
1035530,2024-05-05T15:30:00+00:00,Anfield,Liverpool,Tottenham,4,2,Premier League,2023,Regular Season - 36,True,False,H
1035529,2024-05-06T19:00:00+00:00,Selhurst Park,Crystal Palace,Manchester United,4,0,Premier League,2023,Regular Season - 36,True,False,H
1035537,2024-05-11T11:30:00+00:00,Craven Cottage,Fulham,Manchester City,0,4,Premier League,2023,Regular Season - 37,False,True,A
1035539,2024-05-11T14:00:00+00:00,St. James' Park,Newcastle,Brighton,1,1,Premier League,2023,Regular Season - 37,,,D
1035534,2024-05-11T14:00:00+00:00,Vitality Stadium,Bournemouth,Brentford,1,2,Premier League,2023,Regular Season - 37,False,True,A
1035543,2024-05-11T14:00:00+00:00,Molineux Stadium,Wolves,Crystal Palace,1,3,Premier League,2023,Regular Season - 37,False,True,A
1035536,2024-05-11T14:00:00+00:00,Goodison Park,Everton,Sheffield Utd,1,0,Premier League,2023,Regular Season - 37,True,False,H
1035541,2024-05-11T14:00:00+00:00,Tottenham Hotspur Stadium,Tottenham,Burnley,2,1,Premier League,2023,Regular Season - 37,True,False,H
1035542,2024-05-11T14:00:00+00:00,London Stadium,West Ham,Luton,3,1,Premier League,2023,Regular Season - 37,True,False,H
1035540,2024-05-11T16:30:00+00:00,The City Ground,Nottingham Forest,Chelsea,2,3,Premier League,2023,Regular Season - 37,False,True,A
1035538,2024-05-12T15:30:00+00:00,Old Trafford,Manchester United,Arsenal,0,1,Premier League,2023,Regular Season - 37,False,True,A
1035535,2024-05-13T19:00:00+00:00,Villa Park,Aston Villa,Liverpool,3,3,Premier League,2023,Regular Season - 37,,,D
1035512,2024-05-14T19:00:00+00:00,Tottenham Hotspur Stadium,Tottenham,Manchester City,0,2,Premier League,2023,Regular Season - 34,False,True,A
1035505,2024-05-15T18:45:00+00:00,American Express Stadium,Brighton,Chelsea,1,2,Premier League,2023,Regular Season - 34,False,True,A
1035510,2024-05-15T19:00:00+00:00,Old Trafford,Manchester United,Newcastle,3,2,Premier League,2023,Regular Season - 34,True,False,H
1035550,2024-05-19T15:00:00+00:00,Anfield,Liverpool,Wolves,2,0,Premier League,2023,Regular Season - 38,True,False,H
1035544,2024-05-19T15:00:00+00:00,Emirates Stadium,Arsenal,Everton,2,1,Premier League,2023,Regular Season - 38,True,False,H
1035547,2024-05-19T15:00:00+00:00,Turf Moor,Burnley,Nottingham Forest,1,2,Premier League,2023,Regular Season - 38,False,True,A
1035548,2024-05-19T15:00:00+00:00,Stamford Bridge,Chelsea,Bournemouth,2,1,Premier League,2023,Regular Season - 38,True,False,H
1035552,2024-05-19T15:00:00+00:00,Etihad Stadium,Manchester City,West Ham,3,1,Premier League,2023,Regular Season - 38,True,False,H
1035546,2024-05-19T15:00:00+00:00,American Express Stadium,Brighton,Manchester United,0,2,Premier League,2023,Regular Season - 38,False,True,A
1035549,2024-05-19T15:00:00+00:00,Selhurst Park,Crystal Palace,Aston Villa,5,0,Premier League,2023,Regular Season - 38,True,False,H
1035545,2024-05-19T15:00:00+00:00,Gtech Community Stadium,Brentford,Newcastle,2,4,Premier League,2023,Regular Season - 38,False,True,A
1035553,2024-05-19T15:00:00+00:00,Bramall Lane,Sheffield Utd,Tottenham,0,3,Premier League,2023,Regular Season - 38,False,True,A
1035551,2024-05-19T15:00:00+00:00,Kenilworth Road,Luton,Fulham,2,4,Premier League,2023,Regular Season - 38,False,True,A
